1737487,3279908,307
3279908,4886439,282
3279908,4863665,273
3279908,5093843,251
3279908,3529915,227
1737487,4863665,221
477634,491688,214
1737487,5093843,197
458375,3279908,186
4863665,5093843,177
4863665,4954957,174
2046071,3279908,172
3279908,4945115,172
3279908,4954957,168
1737487,4886439,167
4863665,4886439,166
4863665,4945115,165
3529915,4886439,156
149912,405007,153
458375,1737487,151
1737487,2046071,150
61967,149912,147
4886439,5093843,143
1737487,4954957,138
477634,516583,137
149912,413224,135
1737487,4945115,130
2496120,3279908,129
1737487,2496120,125
1737487,3529915,123
2046071,5093843,119
491688,516583,118
4945115,4954957,116
477634,562465,115
477634,585558,114
3279908,5022980,114
4945115,5093843,114
5529861,5536746,114
3279908,5266635,113
4954957,5093843,112
5519113,5529861,112
458375,5093843,111
2046071,4863665,110
148523,149912,109
149912,286258,109
2496120,4863665,109
3279908,5326752,108
4863665,5266635,108
458375,2046071,107
5519113,5536746,105
1737487,5326752,104
3529915,4863665,104
405007,413224,103
491688,562465,102
1445571,4863665,101
4886439,4945115,101
1737487,5266635,100
4886439,4954957,100
458375,4863665,98
5517174,5536746,98
477634,653349,97
5517174,5529861,97
3529915,5093843,96
1449104,3279908,95
15433,129346,93
2496120,5093843,93
310613,327845,92
4863665,5022980,92
15433,43387,91
149912,352574,90
196231,489770,90
15433,52802,88
231473,323520,88
304469,311286,88
4954957,5266635,88
190399,210593,87
458375,4886439,87
5517174,5519113,87
491688,585558,86
1445571,4954957,85
4886439,5022980,85
5093843,5266635,85
149912,501004,83
477634,1091799,83
1445571,3279908,83
15433,26551,82
272078,464103,82
1449104,1737487,82
2046071,5326752,82
458375,2496120,81
2046071,2496120,81
3279908,4890313,81
142088,272078,80
284906,285671,80
149912,461914,78
458375,3529915,78
3279908,6374498,78
96827,149912,77
314724,1750748,77
477634,734139,77
2046071,4886439,77
191358,310508,76
477634,587829,76
491688,653349,76
278631,285144,75
1737487,5022980,75
61967,405007,74
458375,5326752,74
15363,310508,73
352574,405007,73
477634,525382,73
191767,231473,72
209957,217478,72
149912,325839,71
310384,312962,71
248721,329236,70
2046071,4945115,70
305595,341235,69
310613,315546,69
4954957,5022980,69
142088,560468,68
149912,606711,68
278110,285144,68
2496120,4945115,68
4863665,5326752,68
477634,490650,67
477634,641209,67
491688,525382,67
1445571,4945115,67
182332,216884,66
332128,332687,66
15363,329236,65
26408,81344,65
26815,285754,65
293764,296460,65
316442,319471,65
4945115,5266635,65
5093843,5326752,65
18955,361730,64
149912,744631,64
272078,296460,64
310508,329236,64
516583,562465,64
1737487,6374498,64
3279908,4130162,64
13351,342260,63
196231,217478,63
294812,308217,63
296460,560468,63
299750,302927,63
491688,1091799,63
3529915,5022980,63
15433,83936,62
21786,55324,62
149912,427693,62
149912,461184,62
305319,1450530,62
319607,357295,62
477634,637165,62
491688,587829,62
1445571,1737487,62
5022980,5093843,62
5529861,5548056,62
13351,248721,61
285144,285671,61
304286,393019,61
458375,1449104,61
1445571,5093843,61
15433,61967,60
17036,601626,60
32812,1129308,60
272078,305595,60
490650,491688,60
1445571,4886439,60
1449104,2046071,60
4886439,5266635,60
149912,402078,59
191358,329236,59
278110,278631,59
278955,447408,59
312962,341235,59
332484,344789,59
410647,3279908,59
413224,461914,59
2496120,4954957,59
4886439,4890313,59
17036,591915,58
113286,151789,58
149912,247226,58
190787,190992,58
209278,232488,58
310508,579981,58
338702,352757,58
344703,392888,58
405007,461914,58
491688,734139,58
505029,510330,58
2046071,3529915,58
2046071,4954957,58
15363,248721,57
15433,27574,57
21786,1129308,57
278110,284329,57
4863665,4890313,57
4863665,5046313,57
5536746,5548056,57
32812,55324,56
166118,337087,56
290406,292437,56
321982,349686,56
344004,464103,56
352574,413224,56
405007,501004,56
458375,4954957,56
490759,2788970,56
3529915,4945115,56
5517174,5548056,56
5529861,5555363,56
5548056,5555363,56
190787,321963,55
191767,323520,55
196231,209957,55
301908,302927,55
328664,341235,55
332402,1129308,55
344004,373279,55
413224,501004,55
458375,6374498,55
2496120,5326752,55
4945115,5022980,55
5519113,5555363,55
5536746,5555363,55
15433,57410,54
149912,531887,54
149912,1058383,54
282003,541828,54
283262,301576,54
1449104,5093843,54
3458409,4622057,54
5519113,5548056,54
149912,607838,53
295247,473508,53
311941,381205,53
321963,356431,53
458375,4945115,53
15140,488491,52
55324,1129308,52
61967,413224,52
149912,446357,52
287581,399487,52
299614,313801,52
374779,408777,52
516583,585558,52
2843003,5440893,52
3279908,5046313,52
3529915,4890313,52
5517174,5555363,52
15140,321963,51
141775,1129308,51
149912,577589,51
149912,1194924,51
284329,284906,51
284329,1834901,51
284906,285144,51
285057,373279,51
298718,349342,51
299614,392071,51
323390,420190,51
477634,620559,51
488784,489770,51
491688,641209,51
2046071,6374498,51
3529915,4954957,51
15433,122615,50
21786,32812,50
21786,141775,50
148523,413224,50
209957,309575,50
278037,302927,50
283602,288925,50
301341,302387,50
477634,510278,50
1449104,4863665,50
1449104,5326752,50
2835715,5519113,50
2835715,5529861,50
3279908,4870102,50
4863665,6374498,50
26546,783244,49
61967,148523,49
171897,349653,49
186505,1457418,49
217478,489770,49
282003,283602,49
296814,316917,49
299614,314481,49
321963,488491,49
392071,4311515,49
435551,639540,49
1445571,5266635,49
5440893,5529861,49
149912,673129,48
284598,290406,48
286258,405007,48
330874,431398,48
344789,380716,48
4863665,5056091,48
5440893,5519113,48
142088,284906,47
148523,405007,47
149912,428223,47
149912,559787,47
182332,207609,47
209278,323520,47
278110,1834901,47
293764,305595,47
309006,319560,47
310508,342260,47
319447,444158,47
373279,447408,47
380716,535928,47
399738,420190,47
491688,637165,47
503164,543182,47
585558,653349,47
1857589,1906426,47
2046071,5266635,47
2835715,5536746,47
9850,1129308,46
15433,53882,46
15433,128979,46
278037,349686,46
285057,402813,46
297327,541828,46
302387,609400,46
399738,447408,46
405007,427693,46
425077,560468,46
477634,597413,46
4863665,5280748,46
54334,301024,45
61967,83936,45
149912,398221,45
149912,412217,45
149912,462806,45
149912,479137,45
169620,309412,45
171897,322951,45
190992,191767,45
190992,232488,45
217478,348472,45
248721,342260,45
278631,392071,45
285733,393019,45
292521,302957,45
295247,395034,45
300779,439569,45
302387,314091,45
306771,327142,45
313801,314481,45
321963,323520,45
338702,376178,45
394512,1857589,45
413224,461184,45
562465,585558,45
566659,573036,45
4130162,4863665,45
5440893,5536746,45
15270,1129308,44
15433,158074,44
61967,286258,44
149912,256345,44
209278,309575,44
272078,341235,44
277840,293654,44
285733,292521,44
296814,313590,44
299614,299750,44
299614,394512,44
306771,3394866,44
319805,1439566,44
323365,483551,44
329236,342260,44
341235,490759,44
342199,386266,44
380716,394512,44
421430,2703449,44
477634,1014226,44
516583,653349,44
2835715,5517174,44
3279908,5296047,44
4130162,4886439,44
5046313,5093843,44
5093843,6374498,44
9850,55324,43
15140,309575,43
15270,21786,43
27296,132400,43
32812,141775,43
32812,332402,43
61967,158074,43
190992,323520,43
196231,232488,43
199784,231473,43
248721,496160,43
282003,388273,43
285757,541828,43
299750,301024,43
300139,435551,43
302347,316047,43
310508,4625544,43
312962,414823,43
320027,435551,43
355153,457852,43
405007,461184,43
405007,577589,43
420190,622397,43
477634,1248503,43
4954957,5056091,43
5481998,5519113,43
5481998,5529861,43
55324,141775,42
132400,466115,42
132400,1024141,42
149912,824566,42
191358,342260,42
230247,323520,42
282275,355405,42
284598,292437,42
302927,314481,42
308072,381870,42
314091,316442,42
314468,362459,42
319447,402813,42
319471,336421,42
327845,352757,42
341235,464103,42
342260,5290396,42
343730,360625,42
345975,367337,42
349653,1750748,42
356107,388012,42
381205,639540,42
388273,541828,42
398221,405007,42
402813,420190,42
413224,577589,42
425077,490759,42
491688,620559,42
591915,601626,42
1737487,5046313,42
2828894,2843003,42
2834114,2843003,42
2843003,5519113,42
11382,496160,41
15433,97112,41
21786,332402,41
51396,166112,41
66736,294015,41
149912,265871,41
191342,248721,41
209278,321963,41
210593,216884,41
230247,309575,41
272078,420190,41
285144,322215,41
288543,447408,41
293422,473508,41
294812,306920,41
301908,349686,41
301908,420190,41
302927,535928,41
302957,1011783,41
317116,335870,41
323365,1045041,41
329236,461137,41
381870,1833620,41
413224,427693,41
477634,511954,41
477634,1114882,41
516583,641209,41
516583,1091799,41
2834114,5519113,41
3184451,6872379,41
3279908,4877006,41
15140,217478,40
15270,55324,40
21244,343433,40
29378,316917,40
142088,425077,40
149912,569032,40
169620,242257,40
171244,1823973,40
186259,217478,40
217478,321963,40
230247,321963,40
278339,285144,40
285027,1431188,40
285144,2788970,40
285733,296814,40
285733,323365,40
285757,396192,40
286258,413224,40
288543,300847,40
297327,1857589,40
301024,435551,40
302927,313801,40
302957,3394866,40
306920,505386,40
309205,320207,40
309645,473508,40
309645,3394866,40
310582,395392,40
310779,412474,40
313801,394512,40
322215,380716,40
325708,338710,40
325839,405007,40
341235,639540,40
393966,483551,40
394927,441325,40
397237,472410,40
405007,479137,40
477634,873466,40
516583,734139,40
562465,653349,40
1737487,4130162,40
2828894,5440893,40
2828894,5519113,40
2843003,5536746,40
3529915,5266635,40
4863665,5089217,40
11382,342260,39
21786,108567,39
83975,98921,39
96827,405007,39
108567,1129308,39
166361,309412,39
191358,579981,39
196231,209278,39
230247,231473,39
287502,1457418,39
287581,381870,39
295247,314481,39
300779,302347,39
302927,543182,39
308072,315016,39
312331,1889860,39
315546,327845,39
319805,1822816,39
322215,414823,39
323365,484958,39
323390,451809,39
332484,380716,39
336986,451412,39
355345,381870,39
361245,541828,39
420190,1857589,39
477634,862053,39
477634,1322898,39
516583,587829,39
562465,641209,39
847694,912985,39
2496120,4886439,39
2496120,5266635,39
2792991,2843003,39
2828894,2834114,39
3279908,4893277,39
3279908,5323560,39
5022980,5266635,39
1069,281416,38
9850,21786,38
9850,32812,38
11382,248721,38
11559,395034,38
15433,26396,38
15433,160480,38
24399,149898,38
41962,69472,38
141775,332402,38
142088,464103,38
166118,350004,38
209278,217478,38
215158,1828583,38
231473,232488,38
248721,579981,38
278110,349686,38
278955,306771,38
281416,316047,38
282003,300847,38
283602,402813,38
284788,334564,38
293170,360899,38
293422,296460,38
293422,431398,38
293764,399738,38
294812,505386,38
296460,305595,38
296814,420190,38
301908,388273,38
305595,309645,38
310384,366256,38
312962,431398,38
314481,366256,38
323390,1045041,38
332484,415522,38
334884,1841570,38
341235,513437,38
352574,461184,38
361245,1834901,38
363754,545324,38
393019,414823,38
405007,606711,38
458375,5266635,38
477634,486465,38
1445571,5022980,38
1450530,1654860,38
2843003,5529861,38
3279908,4917932,38
3279908,6222901,38
4954957,5326752,38
5326752,6374498,38
5481998,5517174,38
11382,310508,37
13351,346524,37
55324,332402,37
149912,1082721,37
149912,1495936,37
166112,300779,37
187711,1535340,37
191342,310508,37
202607,210385,37
230288,321963,37
232488,323520,37
248721,298670,37
248721,310508,37
249561,418055,37
278037,341235,37
278955,444158,37
279754,310329,37
282275,1654860,37
285733,297327,37
287502,319805,37
288543,327142,37
288543,456061,37
291543,339873,37
295598,360746,37
296460,399738,37
299614,414823,37
300139,420633,37
302927,2825600,37
305595,316917,37
306771,323277,37
320027,412474,37
327142,2172944,37
330452,345975,37
344789,393966,37
349630,477634,37
352574,461914,37
360625,444082,37
361245,535928,37
392071,2788970,37
399738,425077,37
444477,663982,37
458375,5022980,37
490759,494845,37
491688,1248503,37
516583,525382,37
562465,587829,37
562465,734139,37
1052267,1377591,37
2496120,6374498,37
2834114,5529861,37
2835715,5481998,37
3279908,5280748,37
4835998,5539414,37
4945115,5046313,37
4954957,5089217,37
11382,346524,36
13351,298670,36
15270,32812,36
29117,248721,36
41962,234022,36
41962,1020729,36
54334,560468,36
55324,108567,36
61967,96827,36
142088,296460,36
149912,1705421,36
149912,1753083,36
169620,1437385,36
191358,248721,36
191767,199784,36
191767,321963,36
199784,209957,36
199784,323520,36
210719,356431,36
217478,232488,36
231473,321963,36
272078,319447,36
278110,2788970,36
278341,332687,36
278955,319447,36
280308,285027,36
285733,341235,36
285754,298471,36
288372,355345,36
289581,4426217,36
295247,513693,36
299750,1011783,36
300139,513693,36
301908,313801,36
302957,2676065,36
304286,1045041,36
308579,412474,36
308977,316442,36
309575,2695226,36
310384,560468,36
314870,350898,36
315615,363754,36
315615,373279,36
316917,393966,36
323365,344789,36
323365,1857589,36
326361,376178,36
336424,405598,36
336641,842398,36
337890,346050,36
344789,490759,36
360625,374779,36
394512,415522,36
405007,412217,36
420190,456061,36
477634,571277,36
477634,694036,36
491688,597413,36
491688,1322898,36
505029,637595,36
585558,587829,36
585558,641209,36
1445571,2496120,36
1449104,2496120,36
1498470,2707764,36
1606841,3569625,36
1737487,4890313,36
1737487,5296047,36
2046071,5022980,36
3529915,4130162,36
4870102,4886439,36
5309190,5313216,36
5481998,5536746,36
10918,217478,35
13351,579981,35
61967,606711,35
142088,373279,35
148523,286258,35
148523,461914,35
149912,334817,35
149912,496852,35
169620,293918,35
186259,190992,35
190787,231473,35
190787,323520,35
190787,356431,35
206045,310508,35
209278,356431,35
230247,232488,35
231473,309575,35
231473,907898,35
242257,287502,35
278037,299750,35
278037,323365,35
278339,278631,35
278955,285757,35
278955,393019,35
284598,288372,35
284906,435551,35
285144,622397,35
288372,292437,35
289233,427269,35
292437,381870,35
293422,639540,35
295247,373279,35
296460,2676065,35
299614,304286,35
299750,490759,35
300139,402813,35
301024,395034,35
302927,392071,35
305595,464103,35
309575,323520,35
309645,395034,35
310384,313210,35
310384,344004,35
310779,344789,35
313590,1011783,35
313801,392071,35
314724,1457418,35
314901,342260,35
315297,348117,35
315615,322215,35
316047,332128,35
316917,366256,35
341235,483551,35
341235,560468,35
344004,444158,35
350004,356402,35
355345,1833620,35
355345,2666431,35
356755,1052267,35
370244,1686487,35
380716,425077,35
392071,420190,35
477634,547177,35
491688,510278,35
491688,862053,35
491688,1014226,35
505029,618124,35
562465,1091799,35
653349,1091799,35
825913,3184451,35
1445747,3279908,35
1457418,1988740,35
1768699,1816689,35
2496120,3529915,35
1709,15433,34
7637,913542,34
10295,314283,34
10918,209957,34
13351,310508,34
13351,329236,34
24399,912985,34
24399,1020729,34
29378,541828,34
41962,81344,34
54334,431398,34
57845,302927,34
81344,912985,34
96827,413224,34
132400,558637,34
149912,310046,34
149912,746324,34
149912,853622,34
166947,169620,34
171897,186505,34
176717,310508,34
186259,574447,34
191767,210719,34
196231,2695226,34
199784,2661647,34
209278,209957,34
209957,232488,34
232488,489770,34
248721,4625544,34
278110,278339,34
278305,308072,34
278767,280265,34
278955,412474,34
282003,328664,34
284329,494845,34
285671,344789,34
287502,322951,34
287502,1507211,34
287581,288700,34
291176,300779,34
293764,490759,34
295247,327142,34
296814,299750,34
300101,319929,34
300847,412474,34
300847,541828,34
301024,394512,34
301024,6642654,34
308072,1364413,34
308579,323277,34
308579,327142,34
310384,320027,34
310779,380716,34
312586,5344761,34
312962,402813,34
318666,319560,34
319447,345599,34
320027,494845,34
322035,357106,34
325055,359371,34
332484,494845,34
339873,380740,34
346524,496160,34
348472,356431,34
348472,1696023,34
349630,491688,34
349653,565376,34
351724,409396,34
352574,577589,34
353558,443651,34
373279,464103,34
373279,560468,34
380716,560468,34
381870,566659,34
388273,1045041,34
395034,560468,34
395034,1857589,34
402078,413224,34
403379,446463,34
405007,462806,34
405007,824566,34
484958,2676065,34
484958,2830996,34
490650,516583,34
491688,511954,34
491688,873466,34
541149,748600,34
562465,637165,34
585558,734139,34
1449104,4954957,34
1737487,5280748,34
1737487,5323560,34
2815869,2843003,34
4945115,5326752,34
5619620,5758076,34
9850,15270,33
9850,332402,33
11382,329236,33
11559,494845,33
12267,17060,33
13397,232463,33
15140,191767,33
31646,844255,33
41962,570700,33
149898,1334965,33
149912,960643,33
165409,535072,33
184908,190399,33
187168,277434,33
199784,488491,33
209278,489770,33
217478,4566780,33
230247,2695226,33
232488,356431,33
272078,301908,33
272078,393966,33
278037,541828,33
278037,2205386,33
278305,381870,33
278955,288925,33
280618,292401,33
282003,300139,33
284329,295247,33
284329,314481,33
284906,315615,33
284906,560468,33
285144,296814,33
285733,302957,33
285757,288925,33
285757,381205,33
287073,287426,33
287073,349342,33
288372,381870,33
289848,357147,33
293422,341235,33
293654,301576,33
296460,381205,33
296693,309645,33
296814,494845,33
298360,534299,33
299614,1834901,33
299750,349686,33
301024,315615,33
301024,431398,33
302927,395034,33
302927,431398,33
303414,305779,33
304286,333167,33
306771,308579,33
313210,412474,33
313801,494845,33
315615,316917,33
315615,366256,33
315670,316047,33
320638,322756,33
321963,609048,33
321963,907898,33
323296,323365,33
323390,535928,33
327142,412474,33
328664,361245,33
335339,360746,33
336986,412344,33
341235,349686,33
341990,353502,33
342736,350511,33
373279,402813,33
374285,381017,33
378048,422134,33
388273,451809,33
392071,394512,33
393019,464103,33
395034,412474,33
396192,541828,33
402078,405007,33
405007,428223,33
412474,414823,33
415522,1857589,33
422134,425861,33
425077,483551,33
441325,448877,33
447408,2788970,33
448877,551154,33
465986,783244,33
477634,870639,33
505029,590536,33
1445571,2046071,33
1449104,6374498,33
1750748,1889271,33
2834114,5536746,33
3279908,4880427,33
3637564,4863665,33
4863665,5334294,33
4886439,5326752,33
4954957,5046313,33
5618529,5619620,33
10918,309575,32
13351,15363,32
15363,191358,32
15433,2340076,32
24399,41962,32
24399,714353,32
108567,141775,32
149912,565260,32
149912,584148,32
149912,913467,32
183763,531198,32
190787,199784,32
190992,209957,32
191630,204383,32
196231,488784,32
206045,342260,32
209278,231473,32
215158,369484,32
231473,488491,32
232488,309575,32
248721,298718,32
248721,331896,32
272078,296693,32
272078,302927,32
272078,2788970,32
277434,299508,32
277434,606790,32
278197,1658783,32
278305,292265,32
278305,316964,32
278622,4708539,32
278877,282003,32
278877,541828,32
282003,333167,32
282003,366256,32
282003,402813,32
284329,431398,32
284906,431398,32
285144,313801,32
285671,312962,32
285733,299750,32
285733,304286,32
285733,415522,32
285757,399738,32
288543,288925,32
288543,293422,32
291603,300821,32
296460,425077,32
296814,361245,32
296814,503164,32
296814,657580,32
297327,349686,32
297327,503164,32
297355,372956,32
298670,310508,32
300139,420190,32
300139,2172944,32
300847,2456212,32
304469,395004,32
305595,483551,32
308579,363754,32
310508,418280,32
310508,461137,32
310508,5347315,32
310508,5769548,32
312962,2825600,32
314870,372078,32
316512,336641,32
319447,373279,32
321982,388273,32
322215,420190,32
324393,334970,32
327142,341235,32
329236,331896,32
329236,5739043,32
329236,5769548,32
342260,2861615,32
346524,4625544,32
361245,444158,32
362740,370180,32
367839,418549,32
376178,1016639,32
381870,399487,32
392071,560468,32
393019,431398,32
396192,1011783,32
398221,413224,32
405007,744631,32
412217,413224,32
412474,494845,32
414823,1906426,32
425077,1857589,32
431398,490759,32
461184,461914,32
477634,698091,32
477634,1268265,32
477634,1299346,32
489770,4566780,32
491688,666372,32
513437,639540,32
559882,912985,32
572397,1020729,32
594462,1129308,32
683575,5758076,32
1449104,4886439,32
1822816,2327072,32
2834114,5440893,32
2834114,5517174,32
2835715,3619185,32
3184451,6873317,32
3279908,5299734,32
4130162,4954957,32
4863665,5281499,32
4877006,4886439,32
5440893,5517174,32
11559,285757,31
11559,300139,31
13552,483551,31
15140,209957,31
15140,348472,31
15270,141775,31
15433,94491,31
24399,161246,31
29378,388273,31
31646,847694,31
32812,108567,31
49904,278622,31
61967,352574,31
148523,352574,31
149898,161246,31
149912,370956,31
187711,1439566,31
189845,332687,31
190787,191767,31
190992,196231,31
191767,2695226,31
196231,669832,31
232488,488784,31
248721,314870,31
272078,301024,31
272078,484958,31
272078,503164,31
277636,323365,31
277636,431459,31
278037,297327,31
278341,282352,31
278631,312962,31
278767,289848,31
278955,288543,31
280244,392071,31
280265,310234,31
280618,287502,31
282003,322215,31
284906,420190,31
284906,483551,31
284906,622397,31
285057,361245,31
285144,380716,31
285671,806670,31
285733,288543,31
287470,297296,31
288212,308467,31
288372,1768738,31
288925,503164,31
290406,381870,31
291941,365586,31
292521,388273,31
292521,392071,31
293422,394512,31
293764,296814,31
296814,302927,31
296814,323365,31
297327,484958,31
298186,319885,31
299614,451809,31
299750,313801,31
301024,313590,31
301908,395034,31
302927,323365,31
305595,310384,31
305595,2676065,31
307171,338710,31
310234,464808,31
310508,346524,31
310508,720030,31
310779,332484,31
314901,329236,31
315236,331595,31
315615,323390,31
321963,489770,31
322215,447408,31
322215,2825600,31
341235,402813,31
342260,579981,31
344004,494845,31
345975,376780,31
349686,1857589,31
351202,751452,31
358975,496160,31
361245,1011783,31
363754,366256,31
373279,393019,31
373279,2788970,31
388273,431398,31
390379,912985,31
395004,2781116,31
402813,420633,31
405007,446357,31
410647,1737487,31
410647,1896565,31
413224,479137,31
415522,490759,31
415522,2456212,31
418549,1844264,31
431398,560468,31
441053,1063062,31
444477,465210,31
473560,2781116,31
490759,639540,31
491688,571277,31
535928,1045041,31
1050314,7982489,31
1437385,1815640,31
1608297,1768699,31
1737487,5056091,31
1768738,1833620,31
1896565,3279908,31
2792991,5519113,31
2828894,5529861,31
2828894,5536746,31
2834114,2835715,31
4863665,4884908,31
5618529,5758076,31
1069,302347,30
6332,41962,30
10246,394512,30
21233,1658783,30
21244,395004,30
24399,31646,30
29378,285733,30
29378,292521,30
41962,42838,30
48707,336641,30
54334,309645,30
78811,580631,30
151789,310541,30
161246,912985,30
169620,535751,30
170316,278197,30
186259,209278,30
186259,4566780,30
190992,2695226,30
199784,230247,30
207609,210331,30
209957,321963,30
214249,466115,30
217478,356431,30
230288,348472,30
232488,348472,30
248721,343620,30
248721,358975,30
272078,323390,30
277434,283697,30
277821,1750748,30
278110,323277,30
278622,355345,30
278955,388273,30
278955,4230622,30
280650,468763,30
284329,299614,30
284906,292521,30
285027,295981,30
285057,448756,30
285671,349686,30
286198,322035,30
287502,1440697,30
287581,1833620,30
288205,300787,30
288914,302957,30
288925,332484,30
288925,402813,30
288925,535928,30
289992,294929,30
291176,443501,30
291543,298960,30
292401,1823973,30
292521,321982,30
293764,327142,30
295247,322215,30
296460,321982,30
296460,341235,30
296814,330874,30
296814,1045041,30
296814,1857589,30
299614,1045041,30
299730,633171,30
299750,420190,30
300139,305595,30
301024,483551,30
306771,420633,30
309575,321963,30
309645,380716,30
310384,314481,30
310508,312402,30
310508,461052,30
310541,328265,30
310541,405598,30
311941,639540,30
312962,327142,30
312962,543182,30
313210,320027,30
314481,392071,30
315006,464145,30
315546,361730,30
317955,320632,30
320632,337087,30
321107,325239,30
323520,356431,30
323649,4708539,30
327142,328664,30
328664,402813,30
329236,418280,30
329538,395034,30
330874,381205,30
341235,513693,30
341825,410647,30
342260,358975,30
342260,418280,30
342260,496160,30
344004,1834901,30
348357,381870,30
349686,484958,30
349686,513437,30
349686,560468,30
354461,496418,30
356402,361857,30
360746,603205,30
366256,399738,30
380716,541828,30
381205,483551,30
381431,694422,30
390379,1052267,30
395034,456061,30
396192,2825600,30
399738,622397,30
405007,531887,30
410647,4863665,30
414823,420190,30
427194,797962,30
427693,461914,30
486465,491688,30
489770,669832,30
490650,585558,30
490759,2172944,30
491688,547177,30
491688,870639,30
491688,1114882,30
491688,1299346,30
501964,508912,30
527637,552818,30
535928,541828,30
535928,1766969,30
610687,5690566,30
798401,1020729,30
1372767,2462569,30
1439566,1841570,30
1445747,1737487,30
1449104,5266635,30
1608297,1816689,30
1675900,1759923,30
1769887,5465008,30
1844264,2723994,30
2792991,5440893,30
2797661,2834114,30
2831137,2835715,30
3469925,4532499,30
3529915,4870102,30
3529915,5326752,30
4130162,5093843,30
4863665,4877006,30
4863665,4998446,30
4863665,5296047,30
4945115,5089217,30
5266635,5326752,30
6772189,6774783,30
6332,69472,29
10246,323365,29
10918,13351,29
10918,199784,29
10918,1535114,29
11559,302957,29
11559,323277,29
11559,560468,29
15140,186259,29
15140,199784,29
15140,356431,29
15140,489770,29
15270,108567,29
15270,332402,29
15433,86028,29
15433,296299,29
15433,300412,29
24399,113535,29
24399,847694,29
24399,952624,29
26408,852669,29
27296,1024141,29
29378,302927,29
31646,41962,29
40119,1705081,29
41962,714353,29
54334,315615,29
54663,149912,29
61967,461914,29
63383,149912,29
81344,852669,29
96827,148523,29
113286,190180,29
142088,319447,29
149912,1028894,29
161246,714353,29
176717,329236,29
186259,196231,29
190992,217478,29
190992,231473,29
191767,232488,29
199784,321963,29
199784,489770,29
199784,4566780,29
204815,404238,29
209957,230247,29
210719,232488,29
217478,488784,29
231473,488784,29
248721,479854,29
272078,296814,29
277636,302927,29
277821,1431188,29
278110,293422,29
278110,321982,29
278110,473508,29
278305,343433,29
278341,332128,29
278631,285671,29
281416,315670,29
282275,287502,29
282275,314724,29
283602,332484,29
284329,285144,29
284329,639540,29
284906,310384,29
285057,388273,29
285671,483551,29
285733,300847,29
285733,344703,29
285733,396192,29
285733,399738,29
285733,456061,29
286198,320638,29
290340,535072,29
290406,399847,29
292401,535751,29
292521,380716,29
293422,293764,29
293569,301056,29
293918,1889271,29
295247,414823,29
295247,503164,29
296460,323390,29
296814,297327,29
297327,1045041,29
297378,322215,29
297378,447408,29
298670,342260,29
298718,2707764,29
299614,393019,29
299614,545324,29
299750,361245,29
300139,308579,29
301024,323390,29
301024,494845,29
301024,1045041,29
301908,456061,29
302927,312962,29
302927,341235,29
302927,414823,29
304286,312962,29
304286,313801,29
304469,315016,29
305595,313210,29
305595,494845,29
305632,326775,29
306920,319560,29
308977,372956,29
309645,412474,29
310508,314870,29
310508,344001,29
310508,349342,29
310546,335339,29
313210,1259795,29
314481,1857589,29
315006,1658880,29
316442,5679749,29
316917,321982,29
316917,323365,29
316917,344703,29
317459,408777,29
320027,639540,29
320632,4431164,29
320638,379625,29
320638,606790,29
321107,334234,29
321963,348472,29
322215,395034,29
322215,399738,29
323365,415522,29
323365,490759,29
323390,373279,29
325296,595905,29
330874,451809,29
330874,483551,29
330874,2172944,29
335339,386176,29
337087,370891,29
339307,451809,29
343433,359371,29
352768,412474,29
360153,501509,29
360625,405598,29
360899,686879,29
361245,380716,29
377306,395004,29
388273,394512,29
388273,420190,29
393966,464103,29
394512,420190,29
394512,425077,29
395034,435551,29
399738,414823,29
402813,639540,29
403379,409665,29
403379,418237,29
413224,960643,29
415522,425077,29
415522,431398,29
431398,2676065,29
435551,494845,29
466115,529864,29
466115,1024141,29
477634,1503133,29
484958,2456212,29
490650,653349,29
491688,546633,29
494845,1834901,29
494845,4311515,29
525382,653349,29
541828,1045041,29
573036,602418,29
655294,669832,29
683575,5619620,29
781087,1052267,29
844255,912985,29
1020729,1265961,29
1507211,1822816,29
1737487,4884908,29
1737487,5299734,29
2206745,3402923,29
2828894,5517174,29
2834114,5481998,29
2835715,5555363,29
2835715,6774783,29
2843003,5517174,29
3279908,3637564,29
3279908,4776589,29
3279908,4884908,29
3279908,5056091,29
3279908,5291978,29
4863665,4917932,29
4863665,5291978,29
4863665,5340689,29
4886439,4893277,29
4890313,4954957,29
4945115,5280748,29
4954957,5280748,29
4954957,6374498,29
5093843,5280748,29
5093843,5281499,29
5341787,5434363,29
5440893,5555363,29
928,31646,28
928,1334965,28
1918,325708,28
10246,431398,28
10918,196231,28
10918,356431,28
11559,293764,28
11559,301024,28
12715,306009,28
12715,1833620,28
13351,461052,28
13552,278037,28
13552,380716,28
15140,202895,28
15363,29117,28
15363,342260,28
15363,579981,28
15433,142266,28
20460,61467,28
20460,409396,28
20460,541828,28
20840,170666,28
24399,42838,28
24399,69472,28
24399,844255,28
25968,26815,28
26408,41962,28
26408,912985,28
26815,296814,28
31646,1020729,28
41962,844255,28
41962,1334965,28
52802,129346,28
54334,284906,28
57845,380716,28
61467,277636,28
69472,161246,28
81344,469733,28
124337,295228,28
126539,3279908,28
149912,409681,28
149912,793646,28
149912,1061297,28
156981,392973,28
161246,1020729,28
166112,291176,28
166112,408423,28
166361,314724,28
169620,280308,28
171897,285027,28
176717,342260,28
182332,210593,28
186505,349653,28
191767,209278,28
191767,907898,28
196231,309575,28
196231,4566780,28
199170,278622,28
199784,217478,28
202607,2695226,28
209278,1535114,28
209957,2695226,28
210719,2695226,28
248721,312402,28
248721,371179,28
277821,2327072,28
278037,282003,28
278218,349653,28
278622,1189620,28
278631,1834901,28
278877,435551,28
280265,1844264,28
280618,293918,28
282003,2172944,28
282003,2244271,28
282275,349653,28
284329,285671,28
284329,323390,28
284598,381870,28
284598,456600,28
284906,301024,28
285027,305319,28
285733,2456212,28
286198,308162,28
286198,331285,28
287073,372078,28
287581,292265,28
287581,308072,28
288052,336986,28
288543,292521,28
288914,435551,28
292437,573036,28
292521,541828,28
293170,314334,28
293422,323390,28
293764,639540,28
293764,2788970,28
295247,297327,28
295640,329366,28
296693,2676065,28
296814,301908,28
296814,313801,28
297327,323365,28
297355,301341,28
298670,579981,28
298718,310234,28
298718,371179,28
299061,315236,28
299614,344789,28
300101,355345,28
300779,408423,28
300885,344703,28
301024,1011783,28
301056,308217,28
301616,329236,28
301908,344789,28
301908,2172944,28
302927,361245,28
302927,503164,28
302957,323277,28
302957,394512,28
302957,431398,28
304286,412474,28
304286,5913436,28
306771,412474,28
308579,451809,28
309645,323277,28
309645,333167,28
310234,322756,28
310234,2068565,28
310384,494845,28
310508,353290,28
310508,5670280,28
310779,4311515,28
311286,315016,28
311821,787270,28
312402,314870,28
312402,350898,28
312635,318680,28
313590,315615,28
314870,329236,28
314901,346524,28
316964,323649,28
319447,560468,28
319885,541149,28
320027,380716,28
321545,468369,28
321963,488784,28
321982,380716,28
321982,393966,28
321982,541828,28
322215,393019,28
323277,420633,28
323365,344703,28
323365,349686,28
323390,448756,28
323423,345975,28
325839,413224,28
329236,353290,28
329236,1671342,28
329538,381205,28
329538,560468,28
330874,366256,28
332276,412344,28
334884,1750748,28
341235,393966,28
341235,456061,28
341235,473508,28
341235,5446353,28
344004,560468,28
366256,395034,28
381205,541828,28
388273,392888,28
388273,484958,28
392071,447408,28
392888,402330,28
394512,1259795,28
405565,656834,28
408777,2192622,28
413224,824566,28
414823,2172944,28
415522,622397,28
425861,427452,28
435551,622397,28
448877,544242,28
451809,464103,28
456061,484958,28
467975,557245,28
477634,489658,28
477634,666372,28
491688,1503133,28
494845,639540,28
503164,1011783,28
525382,585558,28
633171,1844264,28
852669,912985,28
1045041,2691335,28
1450530,1457418,28
1450530,1750748,28
1737487,3637564,28
1737487,5334294,28
2172944,2895308,28
2496120,5323560,28
2691335,2825600,28
2780641,2835715,28
2805311,2834114,28
2828894,5548056,28
2835715,6791137,28
3279908,5334294,28
4201965,5337704,28
4863665,4893277,28
4863665,5035684,28
4886439,6222901,28
4945115,5056091,28
5093843,5334294,28
5517174,6774783,28
5529861,6774783,28
928,41962,27
13351,206045,27
13552,304286,27
15140,232488,27
15140,356556,27
15363,325708,27
20460,332484,27
21233,278197,27
21707,334234,27
21707,432508,27
26408,31646,27
29117,324834,27
29378,392071,27
30657,300885,27
42838,69472,27
48707,701274,27
52066,478241,27
61967,501004,27
66736,284538,27
69472,844255,27
108567,332402,27
142088,295247,27
142088,296693,27
148523,325839,27
148523,428223,27
149912,540056,27
149912,1180374,27
160841,1129308,27
161246,844255,27
166118,334234,27
166947,314724,27
169620,189953,27
174279,847694,27
182894,219216,27
186259,232488,27
187711,293918,27
189796,356303,27
190457,2207731,27
190487,422157,27
190787,230247,27
190992,206045,27
190992,230288,27
191342,342260,27
192810,526429,27
199170,1833620,27
199961,232488,27
210719,321963,27
212406,374036,27
223902,2698302,27
231473,356431,27
248721,353290,27
248721,372078,27
272078,361730,27
278037,299614,27
278037,321982,27
278037,402813,27
278110,392071,27
278622,588266,27
278631,425077,27
278877,283602,27
282275,1507211,27
283602,300139,27
284324,301414,27
284329,327142,27
284906,285057,27
284906,302927,27
285144,399738,27
285671,1834901,27
285733,431398,27
285733,503164,27
286198,1844264,27
287164,287581,27
287502,292401,27
288372,292265,27
288543,373279,27
290340,1326871,27
291543,405880,27
292246,299902,27
292265,746386,27
292521,330874,27
293447,331855,27
293764,341235,27
293764,361245,27
293789,310508,27
295247,323390,27
295247,399738,27
295598,397156,27
296460,304286,27
296460,503164,27
296460,2788970,27
296814,344789,27
297327,302957,27
297327,2787905,27
299614,321982,27
299614,503164,27
299750,323365,27
299750,1045041,27
299750,2691335,27
300139,301024,27
300139,313801,27
300139,349686,27
301024,302957,27
301024,314481,27
301024,490759,27
301024,541828,27
302927,330874,27
302957,395034,27
302957,494845,27
304286,414823,27
304286,494845,27
304469,630568,27
305319,318480,27
305595,308579,27
305595,312962,27
306771,323365,27
306771,388273,27
306920,310541,27
307229,398202,27
308217,359037,27
308579,312962,27
310384,414823,27
310508,325708,27
310508,1671342,27
310508,1844264,27
310541,374779,27
310582,405880,27
312962,392071,27
312962,490759,27
314870,1995084,27
316028,317955,27
316917,320027,27
316917,395034,27
317459,402806,27
318753,406586,27
319363,321545,27
319447,393019,27
320027,395034,27
321963,356556,27
321982,344004,27
323277,363754,27
323365,396192,27
328270,347766,27
328664,464103,27
328664,2825600,27
328664,2830996,27
329236,346524,27
329236,579981,27
329236,4625544,27
329538,415522,27
331285,1844264,27
332029,350328,27
336986,351533,27
336986,394043,27
339873,395392,27
342260,353290,27
342260,456870,27
342260,4625544,27
342756,369956,27
344004,448756,27
344703,5498456,27
344789,415522,27
344789,2788970,27
346050,395004,27
349686,444158,27
351724,422134,27
357295,1693782,27
357723,422134,27
361245,464103,27
361245,484958,27
366256,420190,27
370244,396667,27
370891,517957,27
378048,456053,27
381870,399847,27
386733,468503,27
390379,1528168,27
392071,543182,27
393019,420190,27
393966,415522,27
393966,513693,27
394512,396192,27
395034,503164,27
396190,1986536,27
399847,748600,27
402806,451949,27
405007,518644,27
405007,1194924,27
412474,541828,27
418549,443651,27
444082,451949,27
451949,2679007,27
461914,501004,27
461914,577589,27
464103,560468,27
477634,546633,27
477634,1041427,27
491688,694036,27
503164,535928,27
510278,516583,27
520577,1985394,27
534299,2924428,27
535928,543182,27
560468,4311515,27
585558,1091799,27
587829,653349,27
887713,978773,27
1024959,1768699,27
1024959,1810852,27
1445571,3529915,27
1535340,1822816,27
1737487,5306861,27
1844264,2077743,27
2046071,5299734,27
2246329,5454790,27
2496120,5046313,27
2780641,2834114,27
2830996,4311515,27
2843003,5555363,27
3279908,5089217,27
3279908,5281499,27
3279908,6368172,27
3529915,4877006,27
3529915,4893277,27
4863665,4998278,27
4863665,5160194,27
4863665,5306861,27
4890313,5093843,27
5093843,5340689,27
5382520,5394561,27
5440893,5548056,27
5539414,5752587,27
1069,51396,26
6332,101597,26
10918,488784,26
11382,15363,26
11559,412474,26
13351,176717,26
15140,323520,26
15433,24349,26
21244,290406,26
21786,594462,26
24399,469733,26
26408,847694,26
26815,541828,26
27296,466115,26
28126,1011044,26
29117,338710,26
29117,349342,26
29378,535928,26
30657,288543,26
31646,912985,26
31950,403379,26
32812,132400,26
41962,572397,26
54334,392071,26
61967,63383,26
61967,247226,26
132400,913542,26
148523,427693,26
148523,501004,26
149898,1325561,26
149912,162164,26
149912,518644,26
149912,572482,26
149912,684030,26
149912,1380463,26
149912,1516218,26
161246,234022,26
169620,1507211,26
171244,319805,26
171663,387378,26
171897,242257,26
183527,396331,26
186505,1750748,26
186505,2327072,26
186877,323702,26
187168,320638,26
190787,489770,26
190992,343620,26
190992,348472,26
191767,309575,26
199170,298224,26
199784,199961,26
199784,348472,26
199784,907898,26
202895,309575,26
206045,329236,26
206045,346524,26
209278,230247,26
209278,669832,26
209278,913542,26
209957,7024241,26
210385,323520,26
230288,1696023,26
245592,1450530,26
248721,279872,26
248721,346524,26
248721,458852,26
248721,5739043,26
266550,301024,26
272078,295247,26
272078,349686,26
272078,2676065,26
277434,286198,26
277434,2707764,26
277821,314724,26
277840,301576,26
278037,322215,26
278110,435551,26
278110,1935789,26
278631,431398,26
278631,806670,26
278631,2788970,26
278955,494845,26
279754,353379,26
279872,339873,26
280244,297378,26
280308,1841570,26
284538,357295,26
284598,1833620,26
284906,311941,26
284906,1834901,26
284906,2825600,26
285027,349653,26
285144,292521,26
285144,349686,26
285144,392071,26
285557,357295,26
285671,314481,26
285671,425077,26
285733,1857589,26
285757,344004,26
286198,359930,26
286198,379625,26
287502,314724,26
287581,371419,26
288372,1833620,26
288543,301024,26
288925,304286,26
288925,484958,26
289233,351899,26
289719,316028,26
292265,304469,26
292326,2895731,26
292401,1439566,26
292521,308579,26
293422,329538,26
293471,298006,26
293918,334884,26
294812,398567,26
295247,302957,26
295247,345599,26
295307,336986,26
295981,565376,26
295981,1440697,26
296693,344789,26
296693,394512,26
297003,324365,26
297327,321982,26
297327,543182,26
297945,3418859,26
298670,496160,26
298718,320638,26
298718,329236,26
299508,349342,26
299614,388273,26
299614,431398,26
299750,301908,26
299750,313590,26
299750,543182,26
299750,1857589,26
299750,2825600,26
300101,321062,26
300139,490759,26
300847,323365,26
300847,456061,26
300847,503164,26
301024,361245,26
301414,314870,26
301908,305595,26
301908,314481,26
301908,341235,26
301908,393966,26
301908,1857589,26
302927,310384,26
302927,316917,26
302957,313801,26
302957,392071,26
303315,321436,26
303850,1670029,26
304286,306771,26
304286,415522,26
304286,448756,26
305440,319363,26
306218,490604,26
306771,319447,26
306771,402813,26
308162,464808,26
309575,356431,26
309645,310779,26
309645,447408,26
310234,320638,26
310384,316917,26
310384,490759,26
310779,415522,26
312586,5328530,26
312962,320027,26
312962,560468,26
313801,344789,26
314091,609400,26
314481,344789,26
315006,325055,26
315006,355345,26
315006,381870,26
315615,395034,26
315615,1834901,26
316483,319607,26
317459,1693782,26
322215,327142,26
322756,606790,26
323277,415522,26
323390,639540,26
327142,483551,26
327782,342260,26
328270,334879,26
328664,393966,26
329236,371179,26
330874,395034,26
330998,409396,26
330998,414605,26
332484,402813,26
333167,3394866,26
336986,381500,26
340758,376346,26
341235,366256,26
341235,2788970,26
342260,346524,26
344001,1662783,26
345599,373279,26
345599,414823,26
346524,2861615,26
348472,489770,26
349653,1935467,26
351724,427452,26
352574,427693,26
359930,443651,26
360625,408777,26
361730,672627,26
363754,393019,26
367289,403117,26
367289,729116,26
373279,444158,26
378048,427452,26
380716,494845,26
380716,2172944,26
381870,4216796,26
388571,396667,26
392071,806670,26
393966,425077,26
393966,1857589,26
394512,1011783,26
394649,436025,26
396192,431398,26
396192,2456212,26
398603,422650,26
403379,438383,26
405007,409681,26
405007,1076510,26
410647,4886439,26
413224,606711,26
414605,656073,26
418801,464145,26
435459,510330,26
435551,1857589,26
443168,457884,26
447408,1011783,26
451949,1457907,26
456061,541828,26
477634,503000,26
477634,796941,26
477634,1068814,26
483551,1259795,26
490650,641209,26
491688,3805961,26
525382,1091799,26
535928,741579,26
560468,783244,26
560468,1943766,26
565376,2679716,26
639540,2895308,26
641209,653349,26
641209,734139,26
653349,734139,26
758306,2112800,26
847694,1052267,26
904211,1450060,26
912985,1326871,26
1050314,7984889,26
1422626,1450530,26
1445571,5046313,26
1535340,1823973,26
1737487,4877006,26
1833620,4216796,26
1857589,2172944,26
2046071,5296047,26
2700836,3343242,26
2797661,5536746,26
2828894,5555363,26
2831137,4255289,26
3279908,3770175,26
3279908,4930464,26
3279908,4998278,26
3279908,5340689,26
4255289,5481998,26
4835998,5752587,26
4863665,4998679,26
4881855,5539414,26
4954957,4998446,26
5093843,5306861,26
5394561,5420686,26
928,81344,25
928,149898,25
928,161246,25
1918,314870,25
2277,41962,25
9850,141775,25
10246,301908,25
10246,341235,25
10918,5391827,25
11382,579981,25
11559,309645,25
11559,328664,25
11559,393966,25
11559,639540,25
13351,191358,25
13351,418280,25
13351,2861615,25
13397,149898,25
13397,161246,25
13397,1325561,25
13552,363754,25
15140,655294,25
15363,349342,25
15363,356556,25
15363,496160,25
15433,65842,25
15433,151787,25
20840,291543,25
21244,316442,25
24399,81344,25
24399,1091669,25
24399,1377591,25
24399,2927181,25
26546,326361,25
29378,321982,25
31646,81344,25
31646,161246,25
31646,572397,25
31646,714353,25
31950,446463,25
32812,160841,25
33864,43819,25
41962,912985,25
42838,161246,25
43819,1533854,25
54334,280244,25
57845,396192,25
61967,325839,25
61967,427693,25
61967,462806,25
81344,839408,25
81344,1020729,25
83936,158074,25
86914,1129308,25
96827,501004,25
149898,912985,25
149912,319709,25
149912,784779,25
161246,1334965,25
165409,803683,25
170666,310582,25
171327,293170,25
175433,1900871,25
176160,318025,25
181029,219216,25
186565,287073,25
187168,288826,25
190992,210719,25
190992,327782,25
190992,4566780,25
191342,329236,25
191767,488491,25
196231,7024241,25
199784,356431,25
201395,204815,25
206045,327782,25
209278,332047,25
210331,232482,25
210385,231473,25
242257,334884,25
248721,298894,25
248721,307171,25
248721,325708,25
248721,400209,25
248721,454160,25
248721,720030,25
248721,1457418,25
248721,1995084,25
272078,284906,25
272078,2824225,25
272078,5913436,25
277821,305319,25
278037,301024,25
278037,1834901,25
278110,284906,25
278110,394512,25
278110,420190,25
278305,323649,25
278767,322756,25
278955,2244271,25
280265,358087,25
280308,314724,25
280308,342260,25
282003,639540,25
282054,286198,25
282054,320638,25
282275,1889271,25
283765,357595,25
283765,379145,25
284324,312402,25
284329,285733,25
284329,373279,25
284329,483551,25
284598,1645861,25
284598,4708539,25
284906,301908,25
285027,314724,25
285057,295247,25
285057,311941,25
285144,312962,25
285144,431398,25
285754,313671,25
285757,447408,25
285787,287073,25
286198,310234,25
286198,321545,25
286198,398749,25
286198,2676176,25
287581,456600,25
287581,748600,25
288052,332276,25
288543,420190,25
290340,570700,25
291298,312473,25
292265,298224,25
292401,1450530,25
292437,464145,25
292521,399738,25
292521,2456212,25
293160,316108,25
293422,381205,25
293654,397156,25
294812,319560,25
295228,352757,25
295247,300139,25
295598,2700836,25
296142,300779,25
296460,464103,25
296460,2456212,25
296693,473508,25
296814,349686,25
296814,363754,25
296814,420633,25
297327,312962,25
297625,686879,25
299494,476813,25
299614,301908,25
299750,302957,25
300139,306771,25
300139,312962,25
300139,313210,25
300139,395034,25
300377,322756,25
300847,395034,25
300847,1259795,25
301024,376178,25
301024,380716,25
301341,783985,25
301908,394512,25
302927,420190,25
302927,490759,25
302927,2205386,25
302957,5713664,25
303151,465091,25
304286,332484,25
304286,560468,25
304286,4230622,25
304469,359371,25
306721,346524,25
306771,543182,25
307171,310508,25
308072,308977,25
308579,388273,25
308977,355345,25
309645,2788970,25
310299,458852,25
310384,349686,25
310508,338710,25
310508,372078,25
310508,2861615,25
310541,505386,25
310613,323292,25
310779,393019,25
313210,473508,25
313590,316917,25
313801,622397,25
314309,602418,25
314870,413616,25
315006,315016,25
315006,4708539,25
315670,332687,25
316917,415522,25
317951,386176,25
319247,455934,25
319447,332484,25
320638,464808,25
320638,633171,25
321982,494845,25
322215,345599,25
322215,560468,25
322215,2172944,25
322756,379625,25
322756,440440,25
323277,392071,25
323365,380716,25
323365,412474,25
323520,488491,25
327142,2825600,25
328265,360625,25
329236,332047,25
329236,367071,25
329236,413616,25
329236,461052,25
329236,496160,25
329236,1233706,25
332128,408423,25
332484,4311515,25
333167,366256,25
334234,2832830,25
334767,1447318,25
335582,342756,25
337087,433081,25
341235,1857589,25
341235,1906426,25
342260,356556,25
343730,405598,25
344004,388273,25
344789,483551,25
349686,420190,25
349686,483551,25
349686,490759,25
352574,398221,25
352574,402078,25
355345,371419,25
355345,1189620,25
356431,5328530,25
361245,393966,25
363208,365586,25
364680,392888,25
371419,399847,25
373279,473508,25
373279,2825600,25
375476,503047,25
376062,414767,25
378048,414605,25
393019,402813,25
396028,416601,25
400746,1052267,25
402813,560468,25
405007,1061297,25
409396,427452,25
409396,783244,25
410647,5093843,25
412474,5341787,25
413224,559787,25
413224,607838,25
417608,557245,25
420190,503164,25
444477,466335,25
451809,560468,25
460865,493070,25
464103,2788970,25
477634,568633,25
477634,1016073,25
477634,1569784,25
488968,507987,25
491688,698091,25
491688,1068814,25
491688,1075967,25
491688,1268265,25
494845,503164,25
501004,744631,25
516583,637165,25
525382,562465,25
525382,587829,25
551360,912985,25
558637,1024141,25
562465,620559,25
572397,714353,25
585558,637165,25
683575,5618529,25
714353,1334965,25
738732,3179340,25
798401,1052267,25
847031,1902926,25
915234,1889296,25
1189620,1658880,25
1251931,1256841,25
1256841,5466023,25
1437385,1889271,25
1439566,2327072,25
1445747,1449104,25
1449104,3529915,25
1452408,1535340,25
1737487,4098522,25
1737487,6222901,25
1857589,6359092,25
2496120,5022980,25
2563525,3349569,25
2695226,5444484,25
2792991,2828894,25
2815869,5529861,25
2815869,5536746,25
2819167,2835715,25
2824010,2831137,25
2824010,2835715,25
2824010,5481998,25
3279908,4098522,25
3279908,4914001,25
4130162,4945115,25
4130162,5022980,25
4708539,5309571,25
4795568,5758076,25
4835998,4881855,25
4863665,5295577,25
4881855,5752587,25
4886439,5056091,25
4886439,5296047,25
4954957,5160194,25
4954957,5281499,25
5056091,5266635,25
5093843,5291978,25
5481998,5555363,25
5486394,5508853,25
928,1020729,24
2277,31646,24
8303,200075,24
9850,594462,24
10246,285057,24
10246,541828,24
10918,209278,24
11382,546871,24
11559,282003,24
11559,327142,24
11559,425077,24
13351,349342,24
13351,358975,24
13351,1662783,24
15140,488784,24
15363,456561,24
15433,2364854,24
17060,1659783,24
21786,132400,24
24399,174279,24
26408,398680,24
26408,1020729,24
26551,129346,24
26815,300885,24
26815,305595,24
29117,280265,24
29117,285787,24
29117,318554,24
29117,329236,24
29378,299750,24
31646,469733,24
31646,832392,24
34573,2818966,24
40836,232463,24
41962,161246,24
41962,1326871,24
42838,1326871,24
51396,1716270,24
54334,272078,24
54334,3394866,24
54826,1020729,24
61967,162206,24
61967,531887,24
66736,319607,24
69472,81344,24
81344,161246,24
96827,744631,24
102557,248721,24
111142,801917,24
116910,1617704,24
133454,161246,24
142088,285057,24
142088,381205,24
149898,714353,24
149898,847694,24
149898,1020729,24
149898,1326871,24
149912,1076510,24
149912,1092879,24
161246,1326871,24
165369,355345,24
165408,427269,24
166112,1716270,24
168167,293911,24
171244,1439566,24
171327,292880,24
171663,1828583,24
174279,852669,24
174808,289719,24
178324,206764,24
185553,228186,24
186259,669832,24
186505,248721,24
186505,325296,24
186565,310508,24
186565,2707764,24
190787,196231,24
190992,210385,24
190992,489770,24
191342,191358,24
196231,321963,24
199784,356556,24
209278,295598,24
209278,456561,24
209278,2695226,24
209957,574447,24
210385,230247,24
210385,5344761,24
210719,4136982,24
216827,404238,24
217241,342260,24
217478,1535114,24
231473,2661647,24
232488,1535114,24
234022,1020729,24
242257,1457418,24
248721,283815,24
248721,299329,24
248721,310037,24
248721,320638,24
248721,349342,24
248721,461052,24
248721,538623,24
248721,5309190,24
256345,405007,24
266550,328664,24
272078,344004,24
277636,313801,24
277636,344703,24
278037,414823,24
278110,296814,24
278622,473560,24
278631,380716,24
278767,286198,24
278767,295822,24
279872,282123,24
280244,309645,24
280244,399738,24
280265,292299,24
282003,341235,24
282003,494845,24
283262,343213,24
283602,2244271,24
283765,351202,24
283765,751452,24
284016,320632,24
284329,311941,24
284329,420190,24
284598,322051,24
284598,359371,24
284906,344004,24
284906,2456212,24
285027,1439566,24
285027,1815640,24
285671,321982,24
285671,1011783,24
285733,1045041,24
285754,361730,24
285757,2691335,24
286198,293911,24
286198,298718,24
286198,322756,24
286198,422650,24
286481,482795,24
287073,310508,24
287164,1833620,24
287502,1823973,24
287581,291628,24
288053,298718,24
288372,311286,24
288372,315016,24
288372,4216796,24
288387,336424,24
288700,306009,24
288700,5348800,24
288914,319447,24
288914,451809,24
288925,2676065,24
289233,297365,24
289254,318753,24
289719,433081,24
289848,310508,24
289848,1498470,24
289992,296142,24
290234,454132,24
291628,339873,24
292246,370539,24
292401,309412,24
292437,319885,24
292437,319929,24
292437,325055,24
292521,296814,24
292521,313801,24
292521,412474,24
292521,494845,24
292812,463062,24
293422,295247,24
293422,451809,24
293422,490759,24
293654,310508,24
293764,310779,24
295228,302817,24
295247,349686,24
295307,309303,24
295598,444082,24
295598,1305892,24
295640,1011044,24
296460,296693,24
296460,622397,24
296693,1011783,24
296814,327142,24
296853,298394,24
297207,1700506,24
297327,392071,24
298006,1764838,24
298471,352757,24
299329,314868,24
299614,361245,24
299614,396192,24
300137,304469,24
300847,381205,24
300847,392071,24
300847,399738,24
301024,309645,24
301024,316917,24
301908,344004,24
301908,402813,24
302957,6359092,24
304286,327142,24
304286,490759,24
304469,376062,24
304469,412772,24
305049,351533,24
305595,2788970,24
305595,2830996,24
306532,335926,24
306721,314870,24
306771,332484,24
306771,414605,24
307992,310770,24
308977,381870,24
309006,310546,24
309412,316108,24
309412,334884,24
309575,655294,24
309645,313210,24
310779,392071,24
310779,396192,24
310779,484958,24
311286,412772,24
311941,435551,24
311941,494845,24
312962,329538,24
312962,2381950,24
313801,592660,24
313801,639540,24
314481,349686,24
314481,483551,24
314870,319206,24
315016,748146,24
315045,716999,24
315615,393019,24
315615,1986536,24
315931,325296,24
316154,335068,24
316917,323390,24
316917,1045041,24
316964,395004,24
319560,398567,24
320027,393966,24
320066,484701,24
321963,2695226,24
321982,322215,24
321982,503164,24
322035,322756,24
322215,420633,24
322215,2787905,24
322215,3394866,24
323390,1834901,24
325239,491713,24
327142,3394866,24
329236,338710,24
329236,349342,24
330114,370244,24
330874,361730,24
330874,2895308,24
332484,431398,24
332994,336986,24
333167,2172944,24
335339,3343242,24
335420,493500,24
336641,580546,24
336641,915234,24
336986,385829,24
337094,371436,24
339307,395034,24
341235,361245,24
341235,503164,24
342781,3418859,24
344789,366256,24
344789,394512,24
345599,473508,24
348472,4136982,24
349342,371179,24
349686,361730,24
349686,366256,24
351724,354836,24
351724,376178,24
354691,457884,24
355345,588266,24
357309,387655,24
363754,420633,24
366256,435551,24
373279,381205,24
376062,464145,24
377306,381870,24
379145,398043,24
380716,415522,24
380740,405880,24
381205,415522,24
381870,1768738,24
390379,400746,24
390971,451949,24
392071,412474,24
392071,1045041,24
393019,412474,24
393966,503164,24
393966,1834901,24
394512,399738,24
394512,456061,24
399487,414767,24
399738,483551,24
402813,541828,24
402813,2456212,24
403379,431355,24
403379,442767,24
405007,1058383,24
405565,442837,24
406586,454020,24
413224,446357,24
413224,518644,24
413224,673129,24
413224,744631,24
413224,1061297,24
413224,1082721,24
414823,1857589,24
415522,494845,24
422134,427452,24
422157,561783,24
425077,639540,24
426895,467410,24
431398,464103,24
443168,471764,24
450714,491688,24
458375,1445571,24
458375,5323560,24
469733,714353,24
477634,1266322,24
484958,503164,24
490759,5913436,24
491713,1995084,24
494845,2172944,24
501004,577589,24
503164,513693,24
510330,637595,24
511866,1889296,24
525382,641209,24
534903,2683975,24
543182,1045041,24
565376,1440697,24
579981,4625544,24
587829,734139,24
588266,1645861,24
609048,1662783,24
639540,1857589,24
714353,844255,24
714353,847694,24
717101,725547,24
844255,1020729,24
847694,852669,24
852669,1020729,24
951724,4534104,24
978693,3546331,24
1050314,4548562,24
1430901,1612734,24
1437082,1995084,24
1439566,1507211,24
1445747,2046071,24
1451399,1828583,24
1545741,5003511,24
1549609,3590537,24
1737487,5281499,24
1737487,7276314,24
1907484,5382554,24
2496120,4098522,24
2496120,5299734,24
2659770,2672685,24
2792991,2815869,24
2792991,5536746,24
2797661,2828894,24
2797661,2843003,24
2805311,2828894,24
2809007,5517174,24
2809272,2824010,24
2824010,6791137,24
2834114,3009491,24
2834114,5548056,24
2835715,5548056,24
2843003,5548056,24
3279908,5035684,24
3619185,4255289,24
3637564,4945115,24
3637564,5093843,24
4257267,4258842,24
4625544,5670280,24
4795568,5619620,24
4863665,5314095,24
4884908,5093843,24
4886439,4917932,24
4890313,5022980,24
4945115,6374498,24
4954957,4998278,24
4954957,5306861,24
4954957,5334294,24
5093843,5296047,24
5093843,5323560,24
5440893,5481998,24
7923599,7927930,24
928,26408,23
928,1006951,23
3155,31646,23
3155,1020729,23
6332,161246,23
10246,388273,23
10246,484958,23
11559,278877,23
12267,87249,23
12267,132400,23
12267,913542,23
12715,301341,23
13351,281042,23
13351,454865,23
13397,26408,23
13397,31646,23
13397,69472,23
13397,847694,23
13397,852669,23
13397,1326871,23
13397,1334965,23
13552,310384,23
13552,393966,23
15140,230247,23
15228,291152,23
15363,199961,23
15363,298394,23
15363,312402,23
15363,418280,23
20460,316917,23
20460,412474,23
20840,302387,23
21244,278305,23
21244,304469,23
21244,330705,23
21707,293789,23
24399,101597,23
24399,290340,23
26408,559882,23
26546,328664,23
27296,55324,23
27296,497774,23
29117,312402,23
29117,342260,23
29117,348294,23
29117,367839,23
30330,69472,23
30657,285757,23
30657,431459,23
31646,570700,23
31646,852669,23
32716,291298,23
32716,383656,23
41962,149898,23
41962,390379,23
41962,469733,23
41962,852669,23
41962,1052267,23
42838,469733,23
49016,3418859,23
50630,248721,23
54334,278877,23
54334,285757,23
54334,323390,23
55324,132400,23
55324,594462,23
57845,299750,23
57845,301908,23
69472,714353,23
69472,912985,23
69472,1334965,23
81344,113535,23
81344,398680,23
81344,798401,23
81344,847031,23
83355,2203364,23
87249,1129308,23
96827,286258,23
96827,325839,23
96827,461914,23
109772,528035,23
113535,1020729,23
142088,323390,23
142088,395034,23
142088,483551,23
148523,607838,23
149912,1033229,23
149912,1076604,23
151789,171663,23
161246,464463,23
161246,798401,23
165409,1020729,23
168167,287269,23
169620,310508,23
170316,438471,23
171244,1452408,23
176717,418280,23
179962,225556,23
183523,190457,23
183523,1879569,23
186259,191767,23
186259,230247,23
186259,321963,23
186259,2695226,23
186565,2068565,23
187168,283697,23
187168,289848,23
187278,314870,23
187711,1815640,23
190180,538623,23
190386,289992,23
190787,230288,23
190787,309575,23
190992,230247,23
190992,356431,23
190992,451949,23
191358,358975,23
195162,396048,23
196231,230247,23
199170,298186,23
199170,378048,23
199170,399847,23
199784,248721,23
199784,309575,23
199961,488491,23
199961,810184,23
201645,515605,23
202895,209278,23
205851,225556,23
209278,322808,23
209278,348472,23
209957,356431,23
217478,609048,23
220853,367618,23
223902,310508,23
230247,669832,23
230247,907898,23
231473,655294,23
231473,669832,23
238612,912985,23
242257,305319,23
245592,1457418,23
247226,405007,23
248721,286177,23
248721,297483,23
248721,301024,23
248721,301616,23
248721,310582,23
248721,334234,23
248721,344001,23
248721,356556,23
248721,398567,23
248721,413925,23
248721,1662783,23
248721,5345334,23
272078,330874,23
272078,345599,23
272078,414823,23
277434,280265,23
277434,1844264,23
277636,301908,23
277636,330998,23
277821,355405,23
278037,285733,23
278037,1045041,23
278037,2172944,23
278037,2456212,23
278110,425077,23
278110,431398,23
278110,483551,23
278110,657580,23
278110,806670,23
278631,292521,23
278767,320638,23
278877,322215,23
278877,2244271,23
278955,2787905,23
279872,286198,23
279872,302387,23
280244,305595,23
280244,321982,23
280244,639540,23
280265,321545,23
280308,1440697,23
280618,319805,23
282003,321982,23
282003,393966,23
282003,435551,23
282003,1045041,23
282003,1766969,23
282146,535928,23
283284,399732,23
283602,319447,23
284329,288914,23
284329,313801,23
284538,359037,23
284598,412772,23
284906,304286,23
284906,322215,23
284906,494845,23
285027,310508,23
285027,1841570,23
285057,313801,23
285057,322215,23
285057,394512,23
285144,1935789,23
285671,301024,23
285671,313801,23
285671,392071,23
285671,490759,23
285733,295247,23
285733,484958,23
285733,2825600,23
285754,380716,23
285757,328664,23
285757,412474,23
286198,299508,23
286198,319363,23
286198,342756,23
286198,396235,23
286258,461914,23
287073,307373,23
287073,329236,23
287164,304469,23
287581,395004,23
287581,5348800,23
288372,508912,23
288387,301056,23
288543,639540,23
288700,292265,23
288914,447408,23
288925,300847,23
288925,316917,23
288925,323390,23
288925,394512,23
289719,310037,23
289848,643186,23
289992,1521774,23
290340,714353,23
290340,912985,23
292246,295107,23
292265,316964,23
292326,324842,23
292326,3629711,23
292437,350497,23
292521,299614,23
292521,322215,23
293422,464103,23
293422,503164,23
293471,1764838,23
293789,329236,23
295228,338702,23
295247,560468,23
295407,403189,23
296460,349686,23
296536,419453,23
296814,366256,23
297327,299614,23
297327,361245,23
297327,2676065,23
297378,399738,23
298186,321062,23
298224,348357,23
298555,381500,23
298670,329236,23
298718,463062,23
299614,301024,23
299614,323365,23
299614,420190,23
299614,1857589,23
299730,1844264,23
299800,2676176,23
300137,322051,23
300137,1833620,23
300139,323277,23
300139,341235,23
300139,473508,23
300377,1844264,23
300821,488920,23
301024,2770971,23
301056,2965828,23
301341,308977,23
301908,392071,23
302387,435681,23
302817,378048,23
302927,363754,23
302957,521612,23
302957,1906426,23
304469,316964,23
304469,394927,23
305595,321982,23
305595,328664,23
305595,361245,23
305595,393966,23
305595,431398,23
305595,783244,23
306111,319219,23
306771,349686,23
306771,1011783,23
308072,310508,23
308072,418801,23
308072,456600,23
309303,336986,23
309575,488491,23
309645,341235,23
309703,329236,23
310234,2707764,23
310384,361730,23
310508,319805,23
310508,332047,23
310508,358975,23
310508,574447,23
310541,2700836,23
310582,448877,23
310770,316108,23
310779,490759,23
311286,377306,23
311899,376391,23
311941,2787905,23
312402,325708,23
313801,395034,23
313801,3394866,23
314468,3629711,23
314724,318480,23
314724,320638,23
314868,2832830,23
314870,579981,23
315297,342756,23
315297,369956,23
315615,392071,23
315615,394512,23
316483,374779,23
316483,408777,23
316917,402813,23
316964,392973,23
316964,551154,23
317116,322756,23
317459,803482,23
317955,334767,23
318480,1457418,23
319447,541828,23
319471,380740,23
319805,351485,23
319805,535751,23
319805,1507211,23
320027,366256,23
320632,325158,23
320638,320857,23
320638,357106,23
321963,344001,23
322215,364680,23
322215,392071,23
323277,1011783,23
323365,414605,23
323390,447408,23
323520,2695226,23
323692,2005315,23
325839,744631,23
327142,361245,23
327142,1834901,23
328664,396192,23
329492,534903,23
329538,513693,23
330705,395004,23
332029,334253,23
332058,605736,23
334884,1450530,23
337890,395004,23
338427,341990,23
341235,543182,23
341235,2172944,23
341235,5913436,23
342260,372078,23
342260,460350,23
342260,546871,23
342260,720030,23
344004,451809,23
344004,541828,23
344703,361730,23
344789,657580,23
346524,353290,23
346524,720030,23
349342,1889860,23
349653,355405,23
349686,4311515,23
350497,381870,23
351202,357595,23
352574,501004,23
353502,432508,23
358509,366286,23
361245,395034,23
365665,396838,23
370956,413224,23
371419,2044196,23
373279,541828,23
373279,5446353,23
376062,412772,23
378048,748146,23
379625,633171,23
380716,490759,23
381205,1045041,23
388273,392071,23
388273,494845,23
390379,464463,23
390379,852669,23
390379,1020729,23
390971,1281924,23
393966,420190,23
394512,431398,23
395034,399738,23
395034,1011783,23
396192,2205386,23
396192,6496481,23
398202,432508,23
399847,588266,23
402806,444082,23
402813,1045041,23
402813,1857589,23
405007,496852,23
409396,422134,23
415522,435551,23
418237,431355,23
418280,461137,23
418549,1498470,23
418801,456600,23
420190,541828,23
422650,468369,23
427452,446041,23
428509,446741,23
431398,2788970,23
435551,6359092,23
438538,468877,23
439569,1438815,23
448756,490759,23
450273,798401,23
458375,1445747,23
477634,1060659,23
477634,1121168,23
477634,1702792,23
488784,4566780,23
490650,562465,23
491688,1569784,23
494845,541828,23
503164,2456212,23
508912,566659,23
516583,1014226,23
516583,1248503,23
557245,1236663,23
558637,1129308,23
559882,847694,23
572397,1326871,23
585230,5038880,23
588266,1833620,23
641209,1091799,23
825913,6872379,23
844255,852669,23
844255,1334965,23
847694,1091669,23
847694,2927181,23
852669,1326871,23
912985,1020729,23
1015201,5479327,23
1024959,1816689,23
1052267,1985850,23
1431188,1535340,23
1737487,5340689,23
1822816,1823973,23
1823973,1988740,23
2005315,3898713,23
2206745,6074544,23
2713893,2851744,23
2780641,2824010,23
2792991,5529861,23
2797661,5517174,23
2797661,5529861,23
2805311,5440893,23
2809272,2835715,23
2809272,4255289,23
2809272,6791137,23
2815869,2828894,23
2815869,2834114,23
2824010,2834114,23
2831137,6791137,23
2834114,5555363,23
2835715,5440893,23
2861615,5739043,23
3279908,5302550,23
3279908,5327553,23
3279908,7276314,23
3619185,5519113,23
3770175,4863665,23
4310300,5539414,23
4404599,4560357,23
4722221,5445938,23
4863665,5092122,23
4863665,5282574,23
4863665,5323560,23
4870102,5093843,23
4877006,5093843,23
4886439,5046313,23
4886439,6374498,23
4890313,4945115,23
4945115,5281499,23
4945115,5296047,23
4945115,5334294,23
4954957,5035684,23
5046313,5266635,23
5089217,5266635,23
5390080,5466453,23
5481998,5489750,23
5481998,5548056,23
5481998,6791137,23
5497522,5517239,23
5536746,6774783,23
5758076,6280513,23
1918,15363,22
1918,248721,22
1918,310508,22
2277,1326871,22
3155,41962,22
5790,656528,22
6332,714353,22
9498,26408,22
9850,108567,22
10246,503164,22
10918,190787,22
10918,230247,22
11382,399319,22
11382,4201965,22
11559,306771,22
11559,310779,22
11559,313801,22
12267,55324,22
12715,316964,22
12829,287164,22
13351,191342,22
13351,321963,22
13397,24399,22
13552,332484,22
15140,196231,22
15140,209278,22
15140,210719,22
15140,231473,22
15363,298670,22
15363,382295,22
15363,461137,22
15433,123881,22
20460,302817,22
20460,315546,22
20460,2244271,22
20840,248721,22
20840,297296,22
21244,287581,22
21244,2713893,22
21986,1129308,22
22944,356755,22
22944,547508,22
24399,26408,22
24399,30330,22
24399,572397,22
24399,1326871,22
26408,69472,22
26408,839408,22
26408,1052267,22
26551,27574,22
26551,43387,22
26551,52802,22
26815,278110,22
26815,351724,22
26815,783244,22
27296,558637,22
28126,295640,22
29117,1889860,22
29378,296814,22
29378,396192,22
29378,1045041,22
29378,2172944,22
30330,31646,22
30657,341235,22
30657,392888,22
31646,232463,22
31646,464463,22
35109,302387,22
35109,381870,22
35683,278767,22
41962,832392,22
42838,149898,22
42838,1020729,22
47149,847694,22
49904,355345,22
49904,541149,22
49904,2727783,22
51396,291176,22
54334,447408,22
54826,161246,22
55324,160841,22
57845,494845,22
61967,398221,22
66736,390971,22
69472,290340,22
69472,1020729,22
78518,1011044,22
81344,714353,22
81344,1005430,22
83355,764540,22
102783,332402,22
104396,862169,22
114289,560468,22
142088,622397,22
148523,247226,22
148523,402078,22
148523,606711,22
148523,744631,22
149898,290340,22
149898,572397,22
149898,852669,22
149912,1436293,22
149912,1453803,22
161246,469733,22
161246,852669,22
165409,290340,22
165409,464463,22
165409,1052267,22
166361,1750748,22
168167,331285,22
169575,312581,22
169620,293160,22
169620,312402,22
169620,1452408,22
170196,378048,22
171244,295981,22
174279,1020729,22
182784,1024141,22
186259,231473,22
186259,2710915,22
186259,5347315,22
187168,278767,22
187168,379625,22
187278,329236,22
189799,331855,22
190787,209957,22
190787,210719,22
190992,209278,22
190992,488784,22
191358,199961,22
191358,349342,22
191358,382295,22
191358,496160,22
191767,230288,22
191767,669832,22
195162,421613,22
196231,199784,22
199170,279718,22
199170,287581,22
199961,217478,22
200263,505535,22
203226,474979,22
206045,281042,22
209278,395691,22
209278,488784,22
210719,488491,22
210719,5328530,22
217241,398202,22
217478,669832,22
232488,655294,22
232488,2661647,22
232488,2695226,22
239215,310508,22
248721,284538,22
248721,289422,22
248721,291543,22
248721,297385,22
248721,299508,22
248721,324834,22
248721,418280,22
248721,418549,22
248721,456870,22
248721,546871,22
248721,619374,22
248721,1429023,22
248721,1889296,22
249157,444477,22
272078,395034,22
272078,425077,22
277434,320638,22
277434,322756,22
277434,418549,22
277636,285754,22
277636,402330,22
277636,1045041,22
278037,316917,22
278037,327142,22
278110,313590,22
278110,395034,22
278110,494845,22
278339,380716,22
278622,308072,22
278631,321982,22
278694,294461,22
278767,464808,22
278877,296814,22
278877,388273,22
278877,412474,22
278981,280265,22
279190,832766,22
279718,381870,22
279812,565846,22
280244,285144,22
280265,289848,22
280265,308162,22
280265,359930,22
280618,1823973,22
282003,301024,22
282003,315615,22
282054,1844264,22
282123,307373,22
282123,412772,22
282146,402813,22
282146,444158,22
283602,503164,22
283602,2456212,22
283815,310508,22
284329,292521,22
284520,301414,22
284538,295124,22
284598,374285,22
284906,298471,22
284906,321982,22
285057,319447,22
285057,473508,22
285144,1907484,22
285671,373279,22
285733,344004,22
285733,349686,22
285733,402813,22
285733,448756,22
285754,288543,22
285757,300847,22
285757,310779,22
286198,299800,22
286198,2723994,22
286258,352574,22
287073,298718,22
287269,1844264,22
287581,308977,22
287581,316964,22
288372,325055,22
288372,343433,22
288372,566659,22
288543,329538,22
288543,394512,22
288543,513693,22
288700,308072,22
288700,418801,22
288826,322756,22
288914,309645,22
288914,464103,22
288925,1906426,22
289254,351965,22
289719,291941,22
289777,302387,22
289848,372078,22
290340,798401,22
291543,316964,22
291543,436933,22
291628,315006,22
291765,534306,22
292265,302387,22
292437,300101,22
292437,336421,22
292437,355345,22
292521,301908,22
292812,298718,22
292880,293170,22
293422,393966,22
293422,420190,22
293422,513693,22
293422,2676065,22
293569,400209,22
293654,390971,22
293764,299614,22
293764,300139,22
293764,313801,22
293764,473508,22
293764,2676065,22
293764,5404950,22
293903,1889296,22
293911,322756,22
293918,305319,22
293918,1431188,22
294015,359037,22
294015,400209,22
294032,314870,22
295124,386176,22
295247,302927,22
295598,310508,22
295598,329236,22
296005,343912,22
296460,301024,22
296460,2691335,22
296693,305595,22
296814,344703,22
296814,412474,22
296814,456061,22
296814,1834901,22
297327,344004,22
297327,444158,22
297365,357012,22
297378,380716,22
297483,1906011,22
298006,329236,22
298186,355345,22
298357,318753,22
298357,441638,22
298718,579981,22
299329,314870,22
299614,332484,22
299750,395034,22
299750,431398,22
300139,388273,22
300139,560468,22
300847,329538,22
300847,415522,22
301024,2676065,22
301255,316028,22
301414,310508,22
301616,310508,22
301821,312595,22
301908,490759,22
301908,2205386,22
301908,2691335,22
302347,1438815,22
302927,344703,22
302927,2691335,22
302957,393966,22
302957,2691335,22
303850,1450530,22
304286,310613,22
304286,451809,22
304286,535928,22
304469,5401808,22
305440,310508,22
305595,327845,22
305595,381205,22
305779,312487,22
306465,352727,22
306771,314481,22
306771,2788970,22
306920,318666,22
308072,399487,22
308579,320027,22
308977,329236,22
309043,380740,22
309412,475306,22
309412,1457418,22
309645,431398,22
309645,2676065,22
309856,315297,22
310234,357147,22
310384,330874,22
310384,344703,22
310384,393019,22
310508,320632,22
310508,322756,22
310508,336424,22
310508,367839,22
310508,418801,22
310508,464808,22
310508,496160,22
310541,343730,22
310541,390971,22
310541,402813,22
310541,603205,22
310582,329236,22
310613,373279,22
310748,381500,22
311286,343433,22
311291,370242,22
312962,313801,22
313590,425077,22
313590,503164,22
313801,321982,22
313801,451809,22
313801,5913436,22
314481,1259795,22
314724,1437385,22
315006,1833620,22
315546,364680,22
315546,503164,22
315615,349686,22
315745,503047,22
316483,357295,22
316917,1011783,22
316964,339873,22
317459,319560,22
317459,1281924,22
317955,517957,22
317955,1534124,22
318480,1450530,22
319109,345975,22
319109,367337,22
319885,355345,22
320027,329538,22
320027,2787905,22
320638,353558,22
320638,1844264,22
320638,2800234,22
321963,331896,22
321963,444082,22
321982,402813,22
321982,5913436,22
322215,344004,22
322215,1834901,22
322611,552818,22
322756,396235,22
323277,352757,22
323277,388273,22
323365,332484,22
323365,431459,22
323365,2830996,22
325081,396235,22
325239,396912,22
325708,336983,22
325839,501004,22
326361,465986,22
327142,352757,22
327142,1011783,22
327142,1534124,22
328265,400209,22
328982,4705089,22
329236,456600,22
329236,1097506,22
329538,393966,22
332893,355345,22
334767,398202,22
334817,405007,22
335339,444082,22
336124,515605,22
337890,1768738,22
338427,365888,22
338710,342260,22
338820,532566,22
339002,365679,22
341235,431398,22
341729,381500,22
342199,4181257,22
342260,461052,22
342260,1498470,22
343213,390971,22
343316,374252,22
344004,431398,22
344004,447408,22
345599,412474,22
346050,377306,22
346106,1582004,22
346524,461052,22
346524,574447,22
348357,414767,22
348357,2666431,22
348472,669832,22
349342,395799,22
349630,562465,22
349686,1834901,22
351015,417377,22
351202,398043,22
352757,394512,22
354461,362740,22
354461,461457,22
355345,501964,22
355345,748146,22
355345,1903981,22
356755,390379,22
357147,1498470,22
358469,1522559,22
361245,490759,22
361697,2221381,22
363754,414823,22
363754,447408,22
366256,414823,22
366256,483551,22
370956,405007,22
376178,431398,22
376178,2172944,22
379625,422650,22
380716,2676065,22
386733,387378,22
390379,559882,22
392071,396192,22
392071,483551,22
392071,541828,22
392071,2825600,22
392888,399738,22
394512,402813,22
394512,1906426,22
394927,477807,22
396192,399738,22
397142,464463,22
397142,839408,22
397142,1052267,22
398043,425471,22
398043,751452,22
398680,912985,22
399487,456600,22
399738,415522,22
403379,441795,22
405007,559787,22
405007,569032,22
405007,607838,22
405007,960643,22
405007,1082721,22
405457,571140,22
405880,436933,22
407948,557245,22
410647,2046071,22
410647,3529915,22
413224,1076510,22
413224,1194924,22
413616,579981,22
413616,1429023,22
415216,422419,22
415303,482795,22
415522,503164,22
418549,1537694,22
420190,543182,22
420633,541828,22
425077,622397,22
425077,1011783,22
431398,483551,22
431398,639540,22
436072,454865,22
440689,578034,22
444158,447408,22
445017,446463,22
456061,2456212,22
464103,2676065,22
464463,798401,22
465986,560468,22
468369,2068565,22
477634,1045863,22
477634,1075967,22
482795,601269,22
483551,490759,22
483551,541828,22
483551,639540,22
490759,4311515,22
491688,1041427,22
494845,521612,22
494845,1857589,22
494845,2076253,22
501004,1194924,22
503164,1045041,22
513437,541828,22
513437,1045041,22
516583,1114882,22
532608,557245,22
535928,2691335,22
541149,4708539,22
547331,3280660,22
565376,1437385,22
566659,1833620,22
570700,912985,22
572397,1902926,22
634308,1360059,22
639540,3394866,22
683575,4795568,22
714353,839408,22
714353,1165400,22
720030,4625544,22
734139,1091799,22
758306,1224335,22
798401,1377591,22
847694,1334965,22
912985,2927181,22
1038443,2967379,22
1098465,5454548,22
1122675,1509167,22
1224335,2112800,22
1335786,4630994,22
1445571,5089217,22
1449104,4945115,22
1449476,1528168,22
1535340,1815640,22
1640652,1823973,22
1666935,1833620,22
1737487,5089217,22
1764838,1889296,22
1815640,2327072,22
2046071,5046313,22
2046071,5323560,22
2076253,2787905,22
2154357,5313364,22
2456212,7619289,22
2780641,5481998,22
2789024,3629203,22
2792991,2834114,22
2805311,2843003,22
2809272,3619185,22
2815869,5517174,22
2815869,5519113,22
2817328,2831137,22
2819167,5481998,22
2824010,3619185,22
2831137,2834114,22
2831137,5481998,22
2831137,5529861,22
2834114,3619185,22
2835715,4255289,22
2843003,3009491,22
2843003,5481998,22
2843003,5489750,22
3008163,5094725,22
3010025,3034899,22
3184451,6878098,22
3279908,5306861,22
3279908,7168417,22
3471663,4229319,22
3529915,6222901,22
3619185,5481998,22
4255289,6791137,22
4290068,8758340,22
4310300,4881855,22
4397345,4835998,22
4397345,5539414,22
4399066,4431164,22
4835998,5285676,22
4863665,5133513,22
4863665,5281620,22
4945115,5340689,22
4954957,5291978,22
5089217,5093843,22
5266635,5281499,22
5285676,5539414,22
5337704,5345334,22
5440893,6774783,22
5519113,6774783,22
5619620,6280513,22
6152342,6198246,22
6774783,6782181,22
7075098,8811785,22
7921858,7923599,22
928,69472,21
1918,312402,21
1918,342260,21
4786,5391827,21
9850,21986,21
10246,302957,21
10246,420190,21
10918,191767,21
10918,348472,21
10918,489770,21
11559,300847,21
11559,361245,21
12267,1024141,21
12267,1129308,21
12715,322051,21
12715,355345,21
12715,501964,21
13351,296050,21
13351,318554,21
13351,386176,21
13351,1671342,21
13397,570700,21
13552,560468,21
13552,2172944,21
15140,344001,21
15363,169620,21
15363,176717,21
15363,206045,21
15363,297483,21
15363,346524,21
15363,353290,21
15363,5769548,21
16223,281416,21
20460,26815,21
20460,300885,21
20810,431133,21
20840,286198,21
20840,286714,21
20840,288700,21
20840,355345,21
21244,292437,21
21244,325708,21
21707,321107,21
21786,102783,21
24399,1334965,21
26336,324365,21
26408,390379,21
26408,400746,21
26408,469733,21
26546,305595,21
26546,1423548,21
26815,285733,21
26815,306771,21
26815,361730,21
27296,1129308,21
28126,1612775,21
29117,298718,21
29117,310508,21
29378,313590,21
29378,414823,21
29378,415522,21
29378,420190,21
29378,639540,21
30657,285754,21
31646,69472,21
31646,1334965,21
35030,336641,21
37381,3445467,21
41962,133454,21
42838,1334965,21
43387,61967,21
47149,912985,21
48707,461232,21
49904,278305,21
49904,315006,21
51396,327643,21
51396,332687,21
54334,293764,21
54334,425077,21
54334,451809,21
61967,402078,21
61967,461184,21
68522,279872,21
81344,400746,21
81344,847694,21
96827,606711,21
102783,1129308,21
113535,714353,21
114060,410035,21
116910,313136,21
129245,3260931,21
132400,182784,21
132400,1129308,21
141775,160841,21
141775,913542,21
142088,393966,21
142088,639540,21
148523,577589,21
149912,1113635,21
151789,317459,21
151789,496160,21
156981,285472,21
161246,174279,21
161246,847694,21
161246,1377591,21
161246,1486939,21
165369,279872,21
165409,852669,21
166112,302347,21
166112,332128,21
166947,280618,21
168120,336986,21
168167,298718,21
168167,310234,21
168167,335870,21
168167,2997773,21
169232,306752,21
169620,248721,21
169620,300779,21
169620,314724,21
170666,289356,21
170666,339873,21
171244,322951,21
174279,1326871,21
174808,320632,21
174808,351442,21
175433,205647,21
176717,346524,21
186505,1439566,21
186565,248721,21
187168,280265,21
187168,468369,21
187168,2068565,21
187541,307538,21
187711,292401,21
189073,307538,21
189073,499557,21
189845,278341,21
189953,1452408,21
190386,320207,21
190399,216884,21
190992,309575,21
191342,346524,21
191358,356556,21
191358,372078,21
191358,1995084,21
196231,199961,21
199170,355345,21
202895,488491,21
209278,5309280,21
209957,4566780,21
210385,2695226,21
217241,297483,21
220503,308579,21
232463,469733,21
232463,714353,21
232488,4136982,21
248721,289719,21
248721,293911,21
248721,301056,21
248721,305319,21
248721,317459,21
248721,319206,21
248721,329273,21
248721,336641,21
248721,382295,21
248721,413616,21
248721,461137,21
248721,603205,21
248721,2707764,21
254569,365665,21
256345,413224,21
262628,2192622,21
265871,501004,21
266550,293422,21
266550,330874,21
272078,392071,21
277434,293911,21
277434,379625,21
278037,323390,21
278110,299614,21
278110,310384,21
278339,2788970,21
278631,393966,21
278767,310234,21
278877,332484,21
278955,366256,21
278955,1045041,21
279600,336983,21
279872,287581,21
279872,292265,21
279872,307373,21
279872,310508,21
279872,320638,21
279872,448877,21
280244,293764,21
280244,332484,21
280244,380716,21
280244,473508,21
280265,293911,21
280265,322756,21
280265,333485,21
280265,357106,21
281042,293654,21
281706,472616,21
282003,285057,21
282146,333167,21
282275,1750748,21
282279,334680,21
283262,293654,21
283262,1748801,21
283262,3094297,21
283602,321982,21
283815,287073,21
284016,299329,21
284329,301024,21
284329,363754,21
284329,395034,21
284329,451809,21
284329,473508,21
284520,314870,21
284598,399847,21
284598,588266,21
284906,361730,21
284906,464103,21
285053,309174,21
285057,299614,21
285057,323365,21
285057,328664,21
285057,444158,21
285057,5454790,21
285144,395034,21
285144,1834901,21
285671,295247,21
285754,373279,21
285754,395034,21
285754,447408,21
285754,560468,21
285754,1045041,21
285757,306771,21
285757,316917,21
285757,415522,21
285757,456061,21
285757,494845,21
285757,513693,21
285787,310508,21
286198,299730,21
286198,341972,21
286198,445846,21
287073,342260,21
287164,395004,21
287269,335870,21
287426,3840872,21
287581,464145,21
288372,308072,21
288372,319929,21
288543,341235,21
288543,376178,21
288543,484958,21
288543,1766969,21
288700,316964,21
288700,355345,21
288700,399487,21
288700,501964,21
288925,320027,21
288925,328664,21
288925,395034,21
288925,2244271,21
289719,297483,21
289848,1844264,21
290340,1020729,21
290406,298186,21
290406,315006,21
291543,381870,21
292265,323649,21
292265,347631,21
292265,387588,21
292299,633171,21
292401,1507211,21
292437,322051,21
292437,359371,21
293160,332687,21
293299,353502,21
293422,327142,21
293471,1889296,21
293569,1305892,21
293789,314868,21
293789,320632,21
293911,428509,21
293911,606790,21
293918,319805,21
294015,328265,21
295247,319447,21
295247,447408,21
296460,352757,21
296460,783244,21
296693,399738,21
296765,307992,21
296814,483551,21
296844,305228,21
297046,401830,21
297296,308533,21
297327,314481,21
297327,380716,21
297327,393019,21
297327,393966,21
297378,300139,21
297378,1011783,21
297378,1834901,21
297483,299329,21
297483,301255,21
297725,312635,21
298186,350497,21
298224,308072,21
298224,418801,21
298360,305228,21
298580,363937,21
298718,310508,21
298718,312331,21
298960,339873,21
299329,433081,21
299329,517957,21
299614,302927,21
299614,330874,21
299614,349686,21
299614,1011783,21
299750,321982,21
299750,380716,21
299750,392888,21
300101,409396,21
300139,1045041,21
300842,430509,21
300847,313590,21
300866,405457,21
300885,541828,21
301024,313801,21
301024,320027,21
301024,323365,21
301024,425077,21
301024,464103,21
301024,1834901,21
301255,338427,21
301255,2832830,21
301341,310508,21
301341,399567,21
301908,321982,21
302347,439569,21
302387,381870,21
302927,338702,21
302927,1857589,21
302957,420190,21
304286,344004,21
304286,388273,21
304469,2075594,21
305495,360899,21
305595,389098,21
305595,1259795,21
305595,4230622,21
306771,366256,21
306771,415522,21
306920,321963,21
307171,329236,21
307373,349342,21
308162,379625,21
308217,505386,21
308217,1356454,21
308579,414823,21
308579,1011783,21
309201,579283,21
309703,321963,21
310234,312269,21
310234,329236,21
310234,494201,21
310299,310508,21
310299,461052,21
310384,1986536,21
310473,378048,21
310508,328265,21
310508,336983,21
310508,350898,21
310508,357295,21
310508,366358,21
310508,390971,21
310508,399732,21
310508,546871,21
310508,2749457,21
310546,3343242,21
310582,381870,21
310582,394927,21
310613,389098,21
310613,412474,21
310779,323365,21
311821,381870,21
312269,320638,21
312402,413616,21
312856,517843,21
312962,622397,21
313210,381205,21
313210,402813,21
313801,388273,21
313801,2770971,21
314724,1822816,21
314870,319805,21
314870,320638,21
315006,412772,21
315297,358087,21
315297,3152906,21
316028,338427,21
316917,420190,21
316917,420633,21
316917,535928,21
316917,639540,21
316964,1833620,21
317651,351442,21
317955,327142,21
317955,351442,21
317955,486876,21
319247,362696,21
319471,1759923,21
319607,360746,21
319929,381870,21
320638,331285,21
320638,349342,21
320638,443651,21
321545,2997773,21
321963,372078,21
321982,392071,21
321982,396068,21
321982,473508,21
321982,2172944,21
321982,2456212,21
322215,448756,21
323292,327845,21
323292,361730,21
323390,503164,21
323692,329817,21
324365,357012,21
325055,343433,21
325708,491713,21
327142,388273,21
327142,393019,21
327142,396192,21
328265,390971,21
329236,343620,21
329236,356556,21
329236,491713,21
329236,526429,21
329236,720030,21
329538,341235,21
329538,366256,21
329538,431398,21
329538,2825600,21
330874,376178,21
332352,630864,21
332484,412474,21
332525,348581,21
333167,349686,21
333485,2723994,21
334680,1822816,21
334884,1457418,21
336421,381870,21
336983,338710,21
337890,381870,21
337890,1833620,21
338702,425077,21
338710,349342,21
341235,395034,21
342260,349342,21
342260,413616,21
342260,574447,21
342260,4670133,21
343433,390894,21
343730,360746,21
343730,374779,21
343963,619374,21
344004,2788970,21
344004,2825600,21
344703,351724,21
344703,535928,21
344789,546729,21
345599,376178,21
345599,541828,21
348073,511031,21
348357,355345,21
348357,397649,21
351724,392888,21
352574,479137,21
355345,1666935,21
355345,4216796,21
355584,361334,21
356431,488491,21
357106,488774,21
357295,1748801,21
359371,1833620,21
360746,1356454,21
361245,513437,21
361730,451949,21
363754,451809,21
363754,503164,21
366256,490759,21
378048,409396,21
380716,381205,21
380716,579302,21
381205,435551,21
381870,395004,21
382768,4181257,21
383797,444292,21
383799,398749,21
385443,396903,21
390379,559359,21
392071,435551,21
392071,503164,21
393966,2788970,21
394512,451809,21
395004,473560,21
395034,420190,21
395034,2787905,21
396192,483551,21
397156,579981,21
398567,5569058,21
398680,798401,21
399487,418801,21
400209,402806,21
402765,403379,21
403379,1403658,21
404729,485155,21
405007,1092879,21
409396,425861,21
409396,465986,21
412474,451809,21
412474,464103,21
412474,5446353,21
414767,748146,21
414823,447408,21
415907,465391,21
418280,4625544,21
420190,425077,21
422134,446041,21
425077,435551,21
425077,2825600,21
428223,501004,21
431355,446463,21
431459,1045041,21
431797,3279908,21
435551,483551,21
435551,541828,21
435551,2787905,21
442767,446463,21
443643,858441,21
443651,1844264,21
446463,458267,21
448756,535928,21
461184,479137,21
461184,577589,21
461914,479137,21
464145,541149,21
464145,1658880,21
464463,1985850,21
466115,1884843,21
466335,663982,21
469733,2927181,21
473508,1259795,21
477634,601213,21
477634,695643,21
477634,796562,21
477634,905738,21
477634,1272064,21
477634,3805961,21
484585,5528050,21
488774,1844264,21
489658,491688,21
491688,796562,21
491688,1060659,21
491688,1121168,21
494845,630046,21
496160,546871,21
508912,602418,21
516583,873466,21
516583,1041427,21
531887,606711,21
538623,1748801,21
562465,873466,21
570700,847694,21
570700,1334965,21
570700,1377591,21
572397,1377591,21
573036,588266,21
587829,641209,21
609048,2206745,21
630710,1888531,21
637165,653349,21
639243,2590764,21
653349,873466,21
669832,3509540,21
701274,1889296,21
706936,858420,21
714353,1020729,21
740511,1018371,21
798401,1005430,21
798401,1528168,21
832392,852669,21
839408,1020729,21
847694,952624,21
852669,2927181,21
921381,3298146,21
1011044,1360059,21
1020729,1528168,21
1098465,1256841,21
1098465,4549621,21
1239677,2001434,21
1256841,2178823,21
1360059,1612775,21
1422626,1439566,21
1422626,6569109,21
1437385,1440697,21
1445747,5093843,21
1593588,5485786,21
1737487,3770175,21
1737487,5133513,21
1828195,1888931,21
1834901,2246329,21
2150021,5382520,21
2477343,5382520,21
2496120,7168417,21
2805311,2817328,21
2809007,2834114,21
2809007,5529861,21
2809272,2831137,21
2809272,2834114,21
2819167,2831137,21
2819167,4255289,21
2827758,2843003,21
2834114,6769486,21
2861615,5290396,21
3179340,3403679,21
3184451,6924506,21
3279908,4871992,21
3279908,4998446,21
3279908,5133513,21
3279908,5321031,21
3279908,5326995,21
3279908,7291532,21
3619185,5529861,21
3637564,4954957,21
3688521,4549621,21
3770175,4945115,21
4534104,5757779,21
4863665,4870102,21
4863665,5084241,21
4881855,5285676,21
4886439,6368172,21
4954957,5092122,21
4954957,5295577,21
4954957,5314095,21
5056091,5093843,21
5093843,5295577,21
5266635,5306861,21
5382520,5420686,21
5435677,5445938,21
5440893,5632538,21
5478713,5536746,21
5481998,5503965,21
5489750,5519113,21
5555363,6774783,21
5572407,5619620,21
6773788,6774783,21
7921858,7927930,21
928,24399,20
928,912985,20
928,1052267,20
2277,30330,20
2277,234022,20
3155,572397,20
6332,31646,20
6332,1334965,20
7637,21786,20
9498,81344,20
9880,15433,20
10246,297327,20
10246,402813,20
10918,102557,20
10918,231473,20
10918,2695226,20
11382,574447,20
11559,293422,20
11559,330874,20
11559,333167,20
11559,380716,20
12715,287581,20
12715,288700,20
13351,284538,20
13351,320638,20
13351,456870,20
13351,460350,20
13351,720030,20
13397,17039,20
13397,81344,20
13397,572397,20
13552,402813,20
15363,286198,20
15363,305319,20
15363,371179,20
15363,1844264,20
15433,392313,20
15433,2269317,20
18391,1764838,20
18955,295247,20
20210,308072,20
20460,300847,20
20460,306771,20
20464,399847,20
20840,284598,20
20840,310234,20
20840,321382,20
21244,165369,20
21244,376062,20
21244,399847,20
21786,27296,20
24399,47064,20
24399,528035,20
24399,1005430,20
26408,161246,20
26408,232463,20
26408,356755,20
26408,798401,20
26408,847031,20
26408,862325,20
26408,1334965,20
26408,2927181,20
29117,285027,20
29117,301616,20
29117,314870,20
29117,355405,20
29117,1844264,20
29117,2707764,20
29378,394512,20
30330,1326871,20
30657,327845,20
31646,54826,20
31646,798401,20
31950,431355,20
32812,209278,20
32812,594462,20
33864,381870,20
35030,842398,20
41962,847031,20
41962,847694,20
41962,1377591,20
43819,381870,20
44516,357284,20
45736,2220757,20
47064,69472,20
47064,1334965,20
47149,1334965,20
49904,348357,20
51396,302347,20
54334,285144,20
54334,292521,20
54334,297378,20
54334,300139,20
54334,312962,20
54334,330874,20
54334,490759,20
55172,149912,20
61967,428223,20
61967,446357,20
66736,316483,20
69472,551360,20
69472,832392,20
69472,852669,20
81344,559882,20
81344,1326871,20
81344,1334965,20
83355,822163,20
83355,1275125,20
83936,149912,20
88948,1018371,20
96827,256345,20
113286,297385,20
113286,317459,20
113535,1326871,20
114289,349686,20
124337,302817,20
130718,336424,20
142088,315546,20
142088,315615,20
142088,435551,20
142418,299494,20
142418,355051,20
144383,824805,20
148523,461184,20
149912,401535,20
149912,1051298,20
149912,1484656,20
149912,1742651,20
151789,190180,20
151789,396068,20
165408,297365,20
165409,912985,20
166947,292401,20
166947,355405,20
167564,5420686,20
168167,309856,20
168167,418549,20
168167,443651,20
168549,180909,20
169620,298257,20
170574,279718,20
170666,278305,20
170666,348357,20
171244,309412,20
171663,369484,20
175433,184489,20
179678,626035,20
183527,415216,20
185919,362939,20
186259,456870,20
186259,907898,20
186505,310508,20
187541,282279,20
187541,313967,20
187541,474744,20
187711,1889271,20
188314,299494,20
189073,311821,20
189073,502722,20
190386,302347,20
190787,210385,20
190787,456870,20
190992,321963,20
191358,287426,20
191358,314870,20
191358,316442,20
191767,196231,20
191767,348472,20
191767,356431,20
191767,489770,20
198981,819737,20
199170,287164,20
199170,399487,20
199784,209278,20
199784,331896,20
199784,353712,20
203919,216827,20
205828,205851,20
206045,309575,20
206045,489770,20
206764,210593,20
207867,213893,20
209278,210719,20
209278,342260,20
209278,810184,20
209278,3509540,20
210385,232488,20
210385,321963,20
214249,327845,20
215124,380070,20
217478,230247,20
217478,2661647,20
220503,310779,20
220853,425471,20
220919,332058,20
222315,481227,20
230288,232488,20
232463,570700,20
232463,1165400,20
239215,321963,20
242257,248721,20
242257,280308,20
242257,295981,20
242257,309412,20
248721,282275,20
248721,286198,20
248721,298006,20
248721,317955,20
248721,321107,20
248721,332128,20
248721,336983,20
248721,454865,20
248721,656834,20
248721,1097506,20
248721,1671342,20
248721,1744513,20
248721,2800234,20
262628,317951,20
262628,343963,20
265871,405007,20
266550,315615,20
266550,322215,20
266550,448756,20
272078,293422,20
272078,483551,20
275094,613282,20
277434,464808,20
277636,278695,20
277636,299614,20
277636,402813,20
277821,1450530,20
277840,295598,20
278037,301908,20
278037,310384,20
278037,312962,20
278110,299750,20
278110,1748801,20
278305,4708539,20
278339,323277,20
278341,300779,20
278622,361028,20
278622,1768738,20
278631,298471,20
278631,352768,20
278695,409396,20
278767,293911,20
278767,315297,20
278877,278955,20
278877,285757,20
278877,288925,20
278955,283602,20
278955,304286,20
278955,333167,20
278955,414823,20
278955,451809,20
279718,336421,20
279718,345975,20
279718,348577,20
279872,315297,20
279872,322756,20
279872,441325,20
279872,1844264,20
279872,2800234,20
280244,293422,20
280244,306771,20
280244,5913436,20
280265,288826,20
280265,312635,20
280265,322035,20
280265,335870,20
280265,398749,20
280305,288700,20
280308,1437385,20
280357,316512,20
280618,1440697,20
280664,308577,20
280664,396146,20
281042,321963,20
281042,1356454,20
282003,285754,20
282003,304286,20
282003,319447,20
282003,329538,20
282003,352757,20
282003,394512,20
282003,399738,20
282054,2800234,20
282123,339873,20
283602,285057,20
283602,323390,20
283815,320638,20
283815,418549,20
284324,314870,20
284329,296814,20
284329,330874,20
284329,361730,20
284598,337325,20
284598,541149,20
284598,566659,20
284722,294032,20
284906,323390,20
284906,349686,20
284906,402813,20
285027,1640652,20
285057,321982,20
285057,490759,20
285057,541828,20
285057,2788970,20
285144,299750,20
285144,806670,20
285144,4517827,20
285591,325752,20
285671,299750,20
285671,344004,20
285671,399738,20
285733,285757,20
285733,300139,20
285733,306771,20
285733,342567,20
285754,302927,20
285754,414605,20
285757,299614,20
285757,1045041,20
286177,404729,20
286198,383799,20
286198,440440,20
286198,2800234,20
286258,501004,20
286258,606711,20
286481,557245,20
287073,287387,20
287073,1429023,20
287073,1498470,20
287164,310582,20
287426,307373,20
287502,293918,20
287502,1437385,20
287581,319929,20
287581,326970,20
287581,329236,20
287581,1658880,20
288372,300137,20
288372,318554,20
288372,399847,20
288372,456600,20
288543,295247,20
288543,393019,20
288700,319885,20
288700,412772,20
288925,513693,20
289233,383409,20
289254,297158,20
289719,310508,20
289719,325239,20
289719,349342,20
289719,363208,20
289719,2720528,20
289848,298718,20
289992,291176,20
289992,585182,20
290168,345660,20
290406,1833620,20
291176,332128,20
291298,296592,20
291543,329236,20
291628,380740,20
292265,316442,20
292299,319363,20
292299,322756,20
292437,337890,20
292437,339873,20
292521,295247,20
292521,296460,20
292521,299750,20
292521,302927,20
292521,327142,20
292521,560468,20
292521,639540,20
292521,2172944,20
292549,351724,20
292880,325296,20
293160,310770,20
293160,345229,20
293422,330874,20
293422,332484,20
293422,338702,20
293422,376178,20
293471,915234,20
293569,294015,20
293684,310508,20
293789,353499,20
293911,308162,20
293911,379625,20
293911,1984660,20
293918,349653,20
294015,295598,20
294461,1263095,20
294798,365679,20
295124,360746,20
295228,412474,20
295247,361730,20
295247,420190,20
295585,351899,20
295598,357295,20
295598,3111934,20
296050,321134,20
296460,296814,20
296460,300139,20
296814,299614,20
296814,320506,20
296814,393966,20
297296,355345,20
297327,300847,20
297327,330874,20
297327,414605,20
297327,414823,20
297327,420190,20
297378,305595,20
297378,395034,20
297378,2788970,20
297625,360899,20
298186,381870,20
298224,343433,20
298357,483476,20
298394,305779,20
298394,310508,20
298471,1011783,20
298718,299329,20
298718,301616,20
298718,314724,20
298718,342260,20
298718,380156,20
298718,418549,20
298718,444082,20
298718,5327108,20
298894,320632,20
299329,320632,20
299444,369372,20
299614,395034,20
299614,435551,20
299750,396192,20
299873,595905,20
299902,311291,20
300139,309645,20
300779,315670,20
300847,304286,20
300847,363754,20
300847,447408,20
300866,606684,20
301024,332484,20
301024,366256,20
301024,373279,20
301024,513693,20
301024,1857589,20
301056,310508,20
301255,321107,20
301341,372956,20
301616,310037,20
301908,302957,20
301908,312962,20
301908,451809,20
302817,2044196,20
302927,302957,20
302927,366256,20
302927,639540,20
302927,2787905,20
302957,309645,20
302957,313210,20
302957,341235,20
302957,393019,20
302957,447408,20
303151,483140,20
304286,323277,20
304286,363754,20
304469,322051,20
304469,2666431,20
305319,349653,20
305319,1750748,20
305595,310613,20
305595,327142,20
305595,484958,20
305595,639540,20
306063,511866,20
306771,315546,20
306771,5486394,20
306920,317459,20
306920,398567,20
307992,313967,20
307992,565846,20
308072,316442,20
308072,342260,20
308217,328265,20
308579,420633,20
308702,410647,20
309006,360746,20
309006,451949,20
309317,330305,20
309412,322951,20
309575,669832,20
309645,327142,20
309645,330874,20
309645,393966,20
309645,513693,20
309645,560468,20
310037,432508,20
310234,349342,20
310234,392770,20
310384,392071,20
310508,314901,20
310508,398202,20
310508,399319,20
310508,415094,20
310508,451949,20
310508,456561,20
310508,456870,20
310508,458852,20
310508,1537694,20
310508,1693782,20
310508,4201965,20
310541,402806,20
310546,360746,20
310546,386176,20
310582,1189620,20
310613,420190,20
310770,1889296,20
310779,328664,20
310779,440982,20
310779,535928,20
311286,376062,20
311286,527106,20
311740,314870,20
311821,355345,20
311941,366256,20
312402,352727,20
312962,316917,20
312962,412474,20
313801,393019,20
313813,4625544,20
313967,314724,20
314481,323390,20
314481,330874,20
314481,2691335,20
314481,5404950,20
314724,342260,20
314868,320632,20
314868,365586,20
314868,5112239,20
314870,321545,20
314870,346524,20
315016,355345,20
315016,412772,20
315141,334137,20
315297,335582,20
315297,379625,20
315297,1225798,20
315615,320027,20
315615,435551,20
315666,317833,20
315745,406586,20
316028,325239,20
316108,316442,20
316442,329236,20
316442,392973,20
316917,380716,20
316917,503164,20
316917,5584175,20
316964,343433,20
317459,400209,20
318554,579981,20
319206,338710,20
319206,1995084,20
319363,331285,20
319447,352757,20
319471,1833620,20
319560,5313364,20
319607,336424,20
319607,1748801,20
319805,1457418,20
319885,330998,20
319885,381870,20
320027,322215,20
320027,381205,20
320506,344789,20
320638,322035,20
320638,359930,20
320638,422650,20
320638,4158629,20
321545,413616,20
321963,574447,20
321963,1662783,20
321963,4566780,20
321963,5541803,20
321982,361245,20
322051,1833620,20
322215,402813,20
322215,425077,20
322756,335870,20
322756,349342,20
323277,447408,20
323292,399473,20
323365,323390,20
323365,2456212,20
323390,431398,20
323520,488784,20
323520,489770,20
323520,907898,20
323649,395004,20
323702,1759923,20
324393,370242,20
325296,411656,20
325708,355405,20
325708,415094,20
326361,484958,20
327142,344004,20
327142,1857589,20
328664,5404950,20
328774,417129,20
328774,467079,20
329236,335339,20
329236,370891,20
329236,390971,20
329538,2456212,20
330114,396667,20
330874,415522,20
330998,378048,20
330998,541149,20
331285,606790,20
332484,389098,20
334767,349342,20
334884,349653,20
335165,564420,20
335339,402806,20
336424,360746,20
336983,517957,20
338619,393932,20
338710,468877,20
339873,454160,20
342260,367634,20
342260,402806,20
342260,458852,20
342260,461137,20
342674,461232,20
343620,356556,20
344004,535928,20
344004,5913436,20
344789,494845,20
344789,2830996,20
345009,381500,20
346524,461137,20
346524,5309190,20
348472,907898,20
348577,415094,20
349342,357276,20
349342,367839,20
349342,372078,20
349342,433081,20
349619,406586,20
349653,1995084,20
349686,431398,20
349686,503164,20
351724,357723,20
351724,378048,20
351724,425861,20
352574,606711,20
352574,824566,20
352757,361730,20
352839,2771891,20
353558,418549,20
354139,366685,20
355345,392973,20
355405,496160,20
355405,1822816,20
355405,1823973,20
355407,387378,20
357295,538623,20
360625,390971,20
360625,2818966,20
360736,387588,20
360746,377141,20
360746,803482,20
361245,560468,20
361334,365665,20
361730,1857589,20
361857,374480,20
363754,560468,20
365665,503047,20
367061,370180,20
370180,461457,20
370180,496418,20
370495,405457,20
373279,639540,20
374779,2192622,20
376178,381205,20
378048,431459,20
381205,431398,20
381205,451809,20
384348,5461980,20
384348,5496330,20
386176,3343242,20
388273,456061,20
388273,3543669,20
389098,394512,20
389098,464103,20
390379,572397,20
392071,6359092,20
392888,412474,20
392888,431459,20
393966,490759,20
393966,5713664,20
394512,395034,20
394512,639540,20
394512,2676065,20
395004,1658880,20
396192,622397,20
398043,675239,20
399738,1259795,20
399847,1903981,20
404054,1309833,20
405598,451949,20
408777,1281924,20
409396,541149,20
409396,748146,20
409665,431355,20
409665,446463,20
409681,413224,20
412772,2666431,20
413224,531887,20
413224,913467,20
414823,503164,20
414823,4179048,20
415522,425861,20
417384,427558,20
417608,601269,20
418237,446463,20
418549,485656,20
420190,6359092,20
427693,501004,20
427693,577589,20
428509,1844264,20
435551,2895308,20
439703,3595239,20
441413,533629,20
444082,1190925,20
447408,5913436,20
450273,817471,20
451949,1748801,20
454865,504693,20
455983,479014,20
456061,490759,20
458375,5296047,20
458375,5299734,20
467975,1601879,20
469503,491688,20
469733,852669,20
475306,1452408,20
477634,529590,20
477634,544537,20
477634,595230,20
477634,1401443,20
477634,1413439,20
483551,484958,20
488491,2695226,20
489770,5452776,20
490759,1857589,20
491688,535195,20
491688,595230,20
491688,796941,20
491688,1016073,20
496160,574447,20
501964,1833620,20
504693,1748801,20
510330,590536,20
511954,516583,20
511954,653349,20
516583,597413,20
516583,862053,20
535072,847068,20
535764,1902854,20
545324,560468,20
547426,1360059,20
547508,1052267,20
551154,3898713,20
551360,852669,20
551360,1326871,20
559882,608366,20
560468,622397,20
562465,1248503,20
562465,1299346,20
565376,1452408,20
570700,1052267,20
572397,798401,20
572397,847694,20
572397,912985,20
579981,4201965,20
585558,620559,20
590536,618124,20
608366,1079579,20
619374,1525441,20
622397,1834901,20
634308,1339449,20
637165,1091799,20
639540,5468426,20
643186,1498470,20
648057,2069836,20
680445,802390,20
714353,798401,20
714353,1005430,20
714353,1486939,20
720030,5309190,20
798401,1334965,20
798401,1985850,20
839408,1052267,20
839408,1326871,20
844255,847694,20
844255,952624,20
847694,1020729,20
875924,2750675,20
912985,1052267,20
952624,1020729,20
1020729,1052267,20
1020729,1326871,20
1020729,1486939,20
1024141,1129308,20
1024959,1730884,20
1038443,1122675,20
1052267,1135528,20
1052267,1326871,20
1165400,1334965,20
1189620,4216796,20
1239677,4290494,20
1255193,5382520,20
1325561,1334965,20
1339449,3885990,20
1431188,1640652,20
1445571,1449104,20
1445747,4863665,20
1445747,4954957,20
1537694,2800234,20
1737487,4870102,20
1737487,4917932,20
1737487,5291978,20
1750748,1985342,20
1810025,3011504,20
1833620,2713893,20
1837278,5454548,20
1927651,2906385,20
2046071,4884908,20
2076253,2676065,20
2102485,2150021,20
2176510,3329806,20
2205386,2691335,20
2205386,2825600,20
2263321,2689678,20
2333100,2526092,20
2333100,3192871,20
2456212,2676065,20
2526092,3192871,20
2767819,5485786,20
2780641,6769486,20
2780641,6774783,20
2792991,5548056,20
2797661,2805311,20
2797661,2827758,20
2797661,5440893,20
2805311,5517174,20
2805311,5519113,20
2805311,5529861,20
2805311,5536746,20
2809007,5548056,20
2815354,3279908,20
2817328,2824010,20
2831137,5517174,20
2834114,6791137,20
2835715,6769486,20
2914519,2914520,20
2920028,3619185,20
3081437,4630994,20
3279908,4134894,20
3279908,4867903,20
3279908,4935699,20
3349569,4630994,20
3445496,3629203,20
3447290,3482075,20
3529915,6374498,20
4130162,5266635,20
4310300,4835998,20
4311515,6702651,20
4397345,5752587,20
4886439,4914001,20
4917932,4954957,20
4954957,5084241,20
4954957,5281620,20
4954957,5282574,20
5035684,5093843,20
5093843,5299734,20
5093843,6222901,20
5440893,5465705,20
5440893,5478713,20
5440893,5526957,20
5478713,5517174,20
5491950,5632538,20
5536746,6791137,20
928,398680,19
928,781087,19
928,844255,19
928,1326871,19
1069,440557,19
1918,318554,19
1918,603205,19
2277,161246,19
3155,912985,19
3155,1326871,19
6332,24399,19
6332,30330,19
6332,1020729,19
9850,27296,19
9850,132400,19
9850,1024141,19
10246,344004,19
10918,232488,19
10918,2206745,19
10918,2661647,19
11382,191358,19
11382,325708,19
11559,142088,19
11559,305595,19
11559,332484,19
11559,435551,19
11559,541828,19
12267,21786,19
12715,292265,19
12715,302387,19
13351,29117,19
13351,298718,19
13351,309703,19
13351,444082,19
13351,5739043,19
13397,109772,19
13397,290340,19
13397,469733,19
13397,528035,19
13397,798401,19
13397,1005430,19
13519,248721,19
13552,320506,19
13552,420633,19
15140,191358,19
15140,4136982,19
15363,289848,19
15363,299508,19
15363,309703,19
15363,338710,19
15363,398567,19
15363,1525441,19
17036,376178,19
17060,87249,19
19882,360899,19
20210,165369,19
20460,376178,19
20460,393019,19
20840,298224,19
20840,418549,19
20840,463062,19
21244,412772,19
21244,414767,19
21244,630568,19
21707,342260,19
26408,682395,19
26408,1006951,19
26408,1902926,19
26551,61967,19
26815,299614,19
26815,349686,19
28126,1360059,19
29117,312331,19
29117,320638,19
29117,338427,19
29117,1484861,19
29117,1823973,19
29378,306771,19
29378,412474,19
30013,61967,19
30330,570700,19
30657,278037,19
31646,42838,19
31646,47064,19
31646,234022,19
31646,400746,19
31646,847031,19
31646,1091669,19
31646,1165400,19
31646,1265961,19
31950,418237,19
32812,355345,19
32812,1024141,19
33669,464463,19
35109,248721,19
38673,1052267,19
40836,41962,19
41962,101597,19
41962,113535,19
41962,238612,19
41962,551360,19
42838,714353,19
43387,129346,19
44516,453578,19
45736,87146,19
48707,293471,19
49904,316442,19
49904,371419,19
49904,1666935,19
49904,4708539,19
54334,284329,19
54826,714353,19
54826,1326871,19
55324,339037,19
57845,313590,19
61967,129346,19
61967,479137,19
61967,559787,19
61967,584148,19
61967,744631,19
61967,1058383,19
66736,295124,19
66736,342260,19
66736,357295,19
66736,360625,19
66736,603205,19
68522,291543,19
69472,174279,19
69472,469733,19
69472,570700,19
69472,1486939,19
75393,696424,19
78237,1592164,19
81344,232463,19
81344,844255,19
83355,3946878,19
84122,248721,19
86914,102783,19
96827,352574,19
97421,310234,19
99902,429448,19
109772,149898,19
113286,310541,19
113535,1325561,19
124337,336268,19
124337,351724,19
124337,456053,19
132706,5353521,19
135507,316917,19
141775,593037,19
141775,594462,19
142088,361245,19
148523,531887,19
148523,559787,19
149898,570700,19
149898,862325,19
149898,952624,19
149898,1005430,19
149912,493142,19
149912,666372,19
149912,793374,19
149912,1033470,19
149912,1076943,19
149912,1298972,19
149912,2719464,19
151789,331896,19
151789,603205,19
156981,336421,19
159659,1803778,19
161246,551360,19
161246,952624,19
161246,1325561,19
161246,1528168,19
162695,548572,19
165369,278305,19
165369,300101,19
165409,798401,19
165409,839408,19
165992,305319,19
166112,1521774,19
166118,320632,19
166361,186505,19
167564,5463853,19
168167,248721,19
168167,304469,19
168167,314870,19
168167,348117,19
168167,349342,19
168167,403117,19
168167,414767,19
168167,579981,19
170666,355345,19
171327,299873,19
174808,575010,19
176717,248721,19
176717,4625544,19
179962,208708,19
180471,322611,19
182836,347230,19
186259,209957,19
186259,343213,19
186259,488491,19
186259,655294,19
186259,4625544,19
186505,1437385,19
186565,191358,19
186565,277434,19
186565,310234,19
187168,298718,19
187278,248721,19
187278,298718,19
187278,371179,19
187278,372078,19
187278,1498470,19
187541,340922,19
190180,1356454,19
190386,300779,19
190386,332687,19
190787,343620,19
190787,2695226,19
190992,199961,19
190992,333197,19
190992,609048,19
190992,1696023,19
190992,6074544,19
191358,286198,19
191358,301616,19
191358,310541,19
191358,350898,19
191358,376346,19
191358,461137,19
191767,210385,19
191767,5391827,19
196231,348472,19
198739,404238,19
199784,1535114,19
199961,405565,19
200605,234636,19
200605,497800,19
202607,907898,19
202895,346524,19
203348,639418,19
205647,1900871,19
206045,232488,19
206045,496160,19
209278,907898,19
209957,489770,19
209957,2661647,19
210385,348472,19
210719,348472,19
215158,1451399,19
217241,314870,19
217478,309575,19
217478,2695226,19
217478,4136982,19
220503,288543,19
220919,2268426,19
226482,285787,19
232463,847694,19
232463,1326871,19
232488,359037,19
232488,609048,19
232488,4262765,19
234022,570700,19
234022,714353,19
238612,469733,19
242257,280618,19
243481,6845323,19
247226,286258,19
248721,280618,19
248721,288700,19
248721,293569,19
248721,298394,19
248721,306721,19
248721,309703,19
248721,314724,19
248721,319363,19
248721,319805,19
248721,319862,19
248721,322756,19
248721,332687,19
248721,335339,19
248721,338710,19
248721,349653,19
248721,350898,19
248721,355405,19
248721,491713,19
248721,574447,19
248721,575010,19
248721,577365,19
248721,1535114,19
248721,1764838,19
248721,1928013,19
248721,3275140,19
248721,5670280,19
254569,503047,19
260740,3418859,19
272078,288914,19
272078,444158,19
277305,293447,19
277434,331285,19
277434,358087,19
277434,1498470,19
277636,316917,19
277636,336268,19
277636,344789,19
277821,285027,19
277821,292401,19
277840,360746,19
278037,361245,19
278037,569316,19
278110,295247,19
278110,306771,19
278110,310613,19
278110,366256,19
278110,639540,19
278305,355345,19
278305,1189620,19
278622,348357,19
278622,371419,19
278631,285754,19
278631,299614,19
278631,327845,19
278631,435551,19
278695,298186,19
278767,1498470,19
278877,327142,19
278877,622397,19
278877,2825600,19
278877,5404950,19
278955,323277,19
278955,323365,19
278955,327845,19
278955,415522,19
278955,448756,19
278981,286198,19
279718,308072,19
279718,310508,19
279718,369313,19
279718,1833620,19
279812,363937,19
279872,288372,19
279872,292437,19
279872,299494,19
279872,316442,19
279872,355345,19
279872,367839,19
279872,729116,19
279917,285144,19
280244,310779,19
280265,286579,19
280265,355345,19
280265,369956,19
280265,379625,19
280265,428509,19
280265,440440,19
280308,535751,19
280308,1439566,19
281042,310541,19
282003,448756,19
282054,564420,19
282078,314870,19
282146,288925,19
282146,327142,19
282279,298580,19
282730,329236,19
283602,435551,19
283765,675239,19
283815,325708,19
284329,297378,19
284329,344004,19
284329,381205,19
284598,308072,19
284598,418801,19
284598,803468,19
284906,296460,19
284906,315546,19
285057,309645,19
285057,420190,19
285057,425077,19
285057,447408,19
285057,464103,19
285144,394512,19
285557,1748801,19
285671,431398,19
285733,300885,19
285733,314481,19
285733,315546,19
285733,414823,19
285733,444158,19
285733,1906426,19
285733,5446353,19
285754,293422,19
285754,323365,19
285754,344004,19
285757,288543,19
285757,320027,19
285757,373279,19
285757,392071,19
285787,314870,19
286143,329652,19
286150,481726,19
286198,292299,19
286198,304469,19
286198,309856,19
286198,314756,19
286198,316442,19
286198,349342,19
286198,357147,19
286198,428509,19
286198,443651,19
286198,564420,19
286258,325839,19
286258,428223,19
286258,744631,19
286714,316964,19
287073,367839,19
287073,371179,19
287073,1889860,19
287164,298224,19
287244,298718,19
287244,312402,19
287244,331446,19
287244,350004,19
287269,293911,19
287269,331285,19
287502,310508,19
287581,293471,19
287581,298960,19
287581,308484,19
287581,310234,19
287581,320638,19
287581,332893,19
287581,360153,19
287682,382283,19
287958,349342,19
288052,399282,19
288372,291628,19
288372,321062,19
288372,322051,19
288372,344285,19
288372,367634,19
288372,573036,19
288372,1666935,19
288543,300885,19
288543,312962,19
288543,320027,19
288543,2589153,19
288700,348357,19
288700,1189620,19
288700,4216796,19
288828,3418859,19
288914,323277,19
288925,314481,19
288925,327142,19
289254,298357,19
289254,309353,19
289719,371179,19
289777,1457418,19
289848,320638,19
289848,418549,19
289992,300821,19
289992,443501,19
290340,1265961,19
290406,348357,19
291176,408423,19
291176,439569,19
291543,314724,19
291543,533519,19
291543,566659,19
291543,669474,19
291603,321303,19
291628,316964,19
291628,1666935,19
292246,408833,19
292265,367289,19
292265,3409075,19
292401,1431188,19
292401,1988740,19
292437,300137,19
292437,315006,19
292437,348357,19
292437,4708539,19
292521,329538,19
292812,331285,19
292812,342260,19
292812,413616,19
293170,297625,19
293170,325296,19
293170,339987,19
293299,365586,19
293422,316917,19
293422,380716,19
293422,535928,19
293569,343213,19
293654,295598,19
293735,331165,19
293764,302957,19
293764,364680,19
293764,381205,19
293764,483551,19
293764,5913436,19
293911,310234,19
293918,316108,19
293918,1437385,19
293918,1822816,19
294015,296050,19
294015,362459,19
294032,352727,19
295247,297378,19
295598,331896,19
295598,505386,19
295598,1748801,19
295640,547426,19
295640,1786256,19
295822,357147,19
295981,305319,19
296005,381500,19
296460,315546,19
296460,315615,19
296460,389098,19
296460,473508,19
296460,494845,19
296765,1450530,19
296765,3325101,19
296814,381205,19
296814,392071,19
296814,431398,19
297378,323390,19
297378,330874,19
297378,420633,19
297378,464103,19
297483,372188,19
297725,1844264,19
298006,530154,19
298186,371419,19
298224,300137,19
298229,3418859,19
298471,310613,19
298718,305319,19
298718,367839,19
298718,1844264,19
298960,669474,19
299329,349342,19
299329,365586,19
299494,355051,19
299494,415702,19
299508,310508,19
299508,338710,19
299614,2676065,19
299696,339274,19
299750,304286,19
299750,320506,19
299750,6359092,19
300101,1903981,19
300137,803468,19
300139,323365,19
300139,333167,19
300139,513437,19
300139,4613978,19
300779,307992,19
300847,327142,19
300847,376178,19
300847,380716,19
300847,393019,19
300847,440982,19
300847,464103,19
300885,597474,19
301024,388273,19
301024,392071,19
301024,399738,19
301024,545324,19
301024,5466921,19
301056,360746,19
301056,398567,19
301056,400209,19
301341,533519,19
301341,609400,19
301616,312402,19
301616,314870,19
301908,6359092,19
302263,365665,19
302387,308072,19
302387,343433,19
302387,464145,19
302817,351724,19
302817,541149,19
302927,315615,19
302927,2878692,19
302957,305595,19
302957,327142,19
302957,330874,19
303315,314870,19
303414,389825,19
303787,405729,19
303787,406586,19
303787,618702,19
303801,310356,19
304286,328664,19
304286,361245,19
304286,431398,19
304469,588266,19
304469,674382,19
304469,1499417,19
305319,355405,19
305440,310582,19
305595,352768,19
305595,380716,19
305595,392071,19
306009,1833620,19
306771,312962,19
306771,392071,19
306771,447408,19
306771,2172944,19
306920,400209,19
307229,325158,19
307373,320638,19
307373,382654,19
307992,1450530,19
308072,355345,19
308162,322756,19
308162,469621,19
308217,332525,19
308323,351899,19
308467,374906,19
308579,2172944,19
308579,2895308,19
308977,319885,19
308977,345975,19
308977,669474,19
309006,318666,19
309043,469975,19
309303,332994,19
309645,448756,19
310037,2720528,19
310234,606790,19
310384,341235,19
310384,373279,19
310384,483551,19
310384,2895308,19
310508,318554,19
310508,343793,19
310508,349686,19
310508,356556,19
310508,367071,19
310508,418549,19
310508,454865,19
310508,1439566,19
310508,1440927,19
310508,1450530,19
310508,1498470,19
310508,2800234,19
310541,343316,19
310541,533331,19
310546,451949,19
310582,355345,19
310613,414823,19
310779,330874,19
310779,339307,19
310779,349686,19
310779,395034,19
310888,430509,19
311286,602418,19
311941,320027,19
311941,373279,19
311941,380716,19
311941,420190,19
312402,415094,19
312402,579981,19
312962,328664,19
313210,330874,19
313590,420633,19
313801,320027,19
313801,322215,19
313801,344004,19
314091,5679749,19
314481,332484,19
314481,394512,19
314481,4230622,19
314724,323692,19
314724,360899,19
314724,1995084,19
314868,396912,19
314870,321963,19
314870,331285,19
314870,342260,19
314870,352727,19
314870,360941,19
314870,2094777,19
314901,720030,19
315297,353558,19
315615,325974,19
315615,412474,19
315615,464103,19
316108,1675900,19
316442,345975,19
316442,412772,19
316512,701274,19
316917,513693,19
316917,2314504,19
316917,5446353,19
317459,319607,19
317459,342260,19
317833,347158,19
318717,326347,19
318753,319201,19
319206,342260,19
319447,393966,19
319447,425077,19
319447,431459,19
319607,574447,19
319805,1535340,19
319805,2036152,19
319885,323649,19
319885,409396,19
320632,349342,19
321545,331285,19
321545,1844264,19
321615,329367,19
321686,332893,19
321963,360625,19
321963,619374,19
321963,5328530,19
321982,420190,19
321982,447408,19
322051,588266,19
322215,366256,19
322215,1986536,19
322611,328270,19
322611,334879,19
322756,633171,19
323365,336268,19
323365,363754,19
323365,366256,19
323365,392888,19
323365,639540,19
323390,393019,19
323390,541828,19
323390,2691335,19
325055,337890,19
325079,4180355,19
325296,1213167,19
325839,606711,19
326970,355345,19
327142,349686,19
327142,393966,19
327142,494845,19
327142,2788970,19
327142,5316861,19
327845,373279,19
327845,402813,19
327845,541828,19
328265,2679007,19
328664,332484,19
329236,358975,19
329236,372078,19
329236,1693782,19
329236,4201965,19
329236,5309190,19
329273,1928013,19
329652,680445,19
329817,360153,19
330874,399738,19
330874,560468,19
330874,1857589,19
330998,371419,19
331165,1469950,19
332443,378545,19
332484,490759,19
332484,639540,19
332893,369313,19
333167,414823,19
333925,1759923,19
334234,432508,19
334234,2094777,19
334680,565846,19
335165,379625,19
335582,335870,19
336424,451949,19
336424,5569058,19
336641,342674,19
336986,399839,19
336986,406153,19
336986,568137,19
337087,2832830,19
338702,1011783,19
339473,451839,19
339734,1691907,19
339873,580631,19
340280,397156,19
341235,2825600,19
341972,456600,19
342260,343213,19
342260,349686,19
342260,377141,19
342260,396068,19
343730,2700836,19
343793,454865,19
343858,356107,19
344004,376178,19
344004,392071,19
344703,399738,19
344789,349686,19
344789,440982,19
345599,352768,19
345599,1259795,19
345892,366604,19
346524,2707764,19
346524,5769548,19
348357,1833620,19
348472,488784,19
349342,419702,19
349342,444082,19
349342,574430,19
349342,4625544,19
349686,456061,19
349686,1045041,19
351724,402330,19
351765,356250,19
352574,409681,19
352574,607838,19
352757,451809,19
352768,420633,19
353290,358975,19
353290,1833620,19
353290,4625544,19
355584,474388,19
356431,574447,19
356431,1535114,19
356431,1696023,19
356556,359037,19
357295,456561,19
357295,1172663,19
359371,381870,19
360625,398567,19
360625,2679007,19
361245,396068,19
361245,420633,19
361245,2676065,19
361730,395034,19
361730,425077,19
363754,5486394,19
364680,490759,19
365095,428329,19
366256,425077,19
366401,383393,19
367839,372078,19
367839,464808,19
369484,387378,19
370891,575010,19
371179,372078,19
371419,378048,19
374136,3418859,19
374480,433081,19
376178,389098,19
376780,580631,19
377306,4708539,19
378048,425861,19
380716,412474,19
380716,484958,19
380716,1045041,19
380716,4311515,19
381205,456061,19
381205,1834901,19
381500,399839,19
386733,1365776,19
387655,1691907,19
388273,435551,19
389098,5340379,19
390379,398680,19
390379,450273,19
390379,688180,19
390379,832392,19
390971,1305892,19
392071,484958,19
392071,535928,19
392071,622397,19
393019,2825600,19
393966,1045041,19
394512,483551,19
395034,415522,19
395034,464103,19
395034,3394866,19
395034,4311515,19
396838,618702,19
398221,402078,19
398567,427452,19
398567,2818966,19
398680,464463,19
398680,1020729,19
400209,577365,19
402765,418237,19
402765,431355,19
402765,446463,19
402806,603205,19
402813,444158,19
402813,513437,19
402813,622397,19
403379,445017,19
405007,443167,19
405007,565260,19
405007,746324,19
405007,913467,19
406859,557011,19
409665,418237,19
410035,455031,19
412772,464145,19
412772,541149,19
413224,496852,19
413224,569032,19
413224,1113635,19
414605,414823,19
414823,431398,19
415522,483551,19
415522,541828,19
415522,1943766,19
417377,2771891,19
420633,431398,19
422134,456053,19
422650,1225798,19
434957,798401,19
435459,637595,19
435551,464103,19
438383,446463,19
439569,494675,19
440982,484958,19
447837,546933,19
448756,4230622,19
450273,1079579,19
451809,1259795,19
451949,454865,19
451949,460350,19
458375,7276314,19
461052,496160,19
461232,1241109,19
462806,606711,19
464145,602418,19
464463,592219,19
464463,912985,19
464808,564420,19
464808,5291692,19
466659,701274,19
468407,1057166,19
469503,477634,19
469733,1326871,19
477634,535195,19
477634,625493,19
477634,1221803,19
477634,1297647,19
477634,1388368,19
477634,1419438,19
477634,1774623,19
477634,3620223,19
483551,2788970,19
484958,541828,19
486465,516583,19
486465,562465,19
486465,585558,19
489770,4136982,19
490650,525382,19
490650,734139,19
491688,1419438,19
494845,5913436,19
495385,5370585,19
496160,1995084,19
496160,4201965,19
503164,2676065,19
511866,842398,19
513437,5404950,19
513693,4230622,19
516583,620559,19
516583,870639,19
529864,1884843,19
530767,840569,19
531887,577589,19
532608,547426,19
532608,1514744,19
535751,1823973,19
557245,1011044,19
559882,1020729,19
562465,597413,19
570700,714353,19
570700,852669,19
570700,1486939,19
575481,912985,19
585558,873466,19
587829,620559,19
587829,1091799,19
607082,819737,19
626601,1052267,19
634308,1018371,19
637165,734139,19
679981,1817603,19
712506,2150021,19
714353,852669,19
714353,912985,19
714353,1326871,19
720030,2861615,19
722637,3000108,19
748600,1833620,19
763845,4549621,19
783244,2172944,19
798401,912985,19
875924,3826132,19
899524,3418301,19
912985,1187013,19
913542,1129308,19
942448,1038443,19
949017,1284610,19
999832,1357813,19
1011044,1786256,19
1011044,2106898,19
1011783,2456212,19
1015201,5484066,19
1020729,1135528,19
1020729,1377591,19
1024959,1608297,19
1037405,1650977,19
1120737,1428780,19
1122675,3723140,19
1165400,1326871,19
1256841,1596323,19
1259795,1906426,19
1273455,5160693,19
1305613,3685765,19
1316497,1328392,19
1326871,1334965,19
1440697,1750748,19
1445747,5326752,19
1535340,1759923,19
1612775,3885990,19
1645861,4216796,19
1658880,1903981,19
1676687,3068280,19
1690517,3418859,19
1725382,4479120,19
1737487,4184137,19
1737487,5321031,19
1737487,7264986,19
1741812,3445467,19
1744513,1995084,19
1828833,3279908,19
1907484,5479207,19
1992926,3081437,19
2046071,7276314,19
2070067,3535272,19
2094777,2832830,19
2125169,2740251,19
2244271,2825600,19
2250092,2723994,19
2323369,2329384,19
2333100,3246681,19
2673531,4605564,19
2713893,4708539,19
2797661,5519113,19
2805311,2835715,19
2805311,3619185,19
2805311,5481998,19
2809007,2828894,19
2809007,5536746,19
2809272,5481998,19
2815869,5440893,19
2819167,3619185,19
2824010,4255289,19
2831137,5489750,19
2831137,5519113,19
2834114,4255289,19
2834114,5489750,19
2835715,2843003,19
3279908,4955622,19
3279908,5300627,19
3420483,4549621,19
3445496,5479207,19
3529915,5296047,19
3549996,5524334,19
3619185,5517174,19
3619185,5536746,19
3987936,4426217,19
4273570,6829634,19
4397345,4881855,19
4397345,5285676,19
4727464,5539414,19
4795568,5618529,19
4863665,5001466,19
4877006,4954957,19
4884908,4945115,19
4886439,4998278,19
4886439,5280748,19
4890313,4893277,19
4945115,4998446,19
4945115,5035684,19
4945115,5306861,19
4954957,4998679,19
5022980,5326752,19
5093843,5314095,19
5266635,5334294,19
5326752,7276314,19
5360310,5437361,19
5382554,5484978,19
5440893,5478164,19
5440893,5489750,19
5446353,5454790,19
5478164,5519113,19
5478713,5529861,19
5504949,5555363,19
5504949,5632538,19
5517174,6772189,19
5517239,5526957,19
5517239,6774783,19
5529861,6772189,19
5539414,5629494,19
5572407,5758076,19
5618529,6280513,19
5619620,6594829,19
5632538,6774783,19
5964364,6879490,19
6567763,6603725,19
7075098,8860311,19
7540067,7571860,19
8811785,8860311,19
47,2085493,18
928,42838,18
928,469733,18
928,1377591,18
1918,302966,18
3155,24399,18
3155,570700,18
3155,714353,18
3155,2927181,18
7637,12267,18
7637,17060,18
10246,285757,18
10246,313801,18
10246,344789,18
10918,190992,18
10918,342260,18
10918,3402923,18
10918,6074544,18
11382,5739043,18
11559,315546,18
11559,415522,18
11559,490759,18
11559,2076253,18
12715,456600,18
12715,566659,18
12715,2666431,18
12829,319885,18
13351,168167,18
13351,187168,18
13351,295124,18
13351,298394,18
13351,314901,18
13351,370891,18
13351,371179,18
13351,4625544,18
13397,832392,18
13397,1091669,18
13552,435551,18
15270,27296,18
15363,186565,18
15363,191342,18
15363,287073,18
15363,298718,18
15363,329492,18
15363,343620,18
15363,399732,18
15363,458852,18
15363,504693,18
15363,619374,18
15363,720030,18
15363,1671342,18
15363,1748801,18
15433,58734,18
15433,1053852,18
15433,1597719,18
17036,315546,18
17036,327845,18
17060,21786,18
18391,298006,18
18955,315546,18
18955,560468,18
20460,292521,18
20460,327845,18
20460,402813,18
20460,435551,18
20840,289848,18
20840,310582,18
20840,314870,18
20840,316442,18
20840,348357,18
20840,367289,18
20840,803468,18
20840,1833620,18
21244,308072,18
21244,320638,18
21244,329236,18
21244,371419,18
21244,5309571,18
21786,558637,18
21986,32812,18
22372,279718,18
22944,38673,18
24397,2331602,18
24399,559882,18
24399,570700,18
24399,852669,18
25968,351724,18
26408,113535,18
26408,234022,18
26408,572397,18
26408,1326871,18
26546,294015,18
26546,309645,18
26815,277636,18
26815,284329,18
26815,316917,18
26815,336268,18
27296,87249,18
28126,634308,18
29117,288826,18
29117,289719,18
29117,299508,18
29117,1498470,18
29378,282003,18
29378,323365,18
29378,327142,18
30330,41962,18
30330,1020729,18
30657,352757,18
30657,1045041,18
31646,149898,18
31646,551360,18
31646,1187013,18
31646,1326871,18
31950,458267,18
32716,312473,18
32716,393645,18
32812,199784,18
34046,149912,18
35109,311821,18
35109,315297,18
38673,400746,18
39446,248721,18
41962,47149,18
41962,839408,18
41962,1051710,18
42838,290340,18
42838,798401,18
42838,844255,18
42838,847694,18
42838,1052267,18
44320,1122675,18
45612,558147,18
47064,847694,18
47149,161246,18
47149,570700,18
47149,1326871,18
48707,842398,18
49904,279872,18
49904,292437,18
49904,304469,18
53817,934618,18
54334,320027,18
54334,484958,18
54826,81344,18
54826,290340,18
54826,572397,18
55324,86914,18
57845,284906,18
57845,297327,18
57845,320506,18
57845,344789,18
60528,1613806,18
60900,310582,18
61359,799710,18
61420,1947088,18
61467,297327,18
61467,376178,18
61967,412217,18
61967,607838,18
61967,1495936,18
66736,349342,18
66736,362459,18
66736,1748801,18
69472,113535,18
69472,189627,18
72596,466115,18
78811,285472,18
81344,390379,18
81344,551360,18
83355,3081437,18
83936,129346,18
83936,300412,18
84029,88931,18
87249,172743,18
89064,749811,18
89345,1325779,18
96120,2787025,18
100272,1122675,18
101597,570700,18
101597,572397,18
102557,1638174,18
104396,3384748,18
109772,1334965,18
113286,408777,18
113535,161246,18
113535,852669,18
114289,304286,18
117238,133446,18
133454,1020729,18
141775,304469,18
142088,288914,18
142088,312962,18
142088,341235,18
142088,361730,18
142088,402813,18
142088,444158,18
142088,2787905,18
148523,446357,18
148523,479137,18
148523,1058383,18
149898,234022,18
149898,1486939,18
149912,699853,18
149912,854858,18
149912,876919,18
149912,1553036,18
149912,1736662,18
149912,1872003,18
149912,3018234,18
151789,288387,18
154640,464103,18
161246,290340,18
161246,391357,18
161246,570700,18
161246,832392,18
161246,862325,18
161246,1165400,18
165369,170666,18
165369,284598,18
165369,298224,18
165992,289777,18
168018,340997,18
168167,282054,18
168167,289848,18
168167,333485,18
168167,341972,18
168167,428509,18
168167,440440,18
168899,403189,18
169620,349342,18
169620,355405,18
169620,396146,18
170666,298224,18
170666,381870,18
170666,580631,18
171327,314334,18
171327,349653,18
171897,565376,18
174279,290340,18
174279,912985,18
174618,336986,18
174808,248721,18
174808,321107,18
174808,4431164,18
176618,183876,18
178126,182332,18
178324,210593,18
179678,4369997,18
183527,422419,18
184407,320638,18
185553,198190,18
185721,531198,18
185919,224882,18
186259,199784,18
186259,230288,18
186259,323520,18
186505,187711,18
186505,289777,18
186505,309412,18
186505,314724,18
186565,282123,18
186565,301616,18
186565,307373,18
186565,312402,18
186565,325708,18
186565,336983,18
186565,342260,18
186790,411656,18
187168,308162,18
187168,2676176,18
187278,454160,18
187711,1440697,18
187711,1640652,18
188314,331165,18
189073,314724,18
189236,431398,18
190399,206764,18
190787,400209,18
190787,488784,18
190992,310508,18
190992,314870,18
190992,356556,18
190992,1535114,18
190992,4136982,18
191342,579981,18
191358,287073,18
191358,319805,18
191358,322808,18
191358,457884,18
191358,461052,18
191358,491713,18
191358,5670280,18
196231,206045,18
198190,204815,18
199170,343433,18
199784,210719,18
199961,209957,18
200605,311239,18
201259,5572996,18
202607,231473,18
202607,348472,18
205647,337653,18
206045,321963,18
206045,2835938,18
206679,386733,18
207867,390274,18
209278,248721,18
209278,298718,18
209278,488119,18
209278,603205,18
209278,1748801,18
209278,4136982,18
209957,210719,18
209957,669832,18
209957,5444484,18
209957,5842668,18
210385,309575,18
210719,309575,18
214249,402813,18
217478,1696023,18
218231,669016,18
223183,332058,18
229775,446463,18
230247,356431,18
232463,832392,18
232463,852669,18
232463,912985,18
232463,1052267,18
232488,669832,18
232488,3402923,18
234022,572397,18
242257,314724,18
245592,1815640,18
247226,413224,18
248721,293789,18
248721,310234,18
248721,310541,18
248721,316442,18
248721,331446,18
248721,357295,18
248721,359037,18
248721,360941,18
248721,370891,18
248721,395691,18
248721,399319,18
248721,456561,18
248721,566659,18
248721,1498470,18
248721,1534124,18
248721,1844264,18
248721,5313216,18
248721,5347315,18
248721,5769548,18
248721,5955352,18
249561,429448,18
253170,3685765,18
262628,574064,18
265871,413224,18
266550,323390,18
266550,388273,18
266550,1259795,18
266550,1906426,18
270133,307992,18
270133,325708,18
270133,338710,18
272078,389098,18
272078,622397,18
272078,639540,18
272078,783244,18
272078,1834901,18
272078,2830996,18
272078,5468426,18
277434,298718,18
277434,329236,18
277434,346524,18
277434,2800234,18
277539,328672,18
277554,358469,18
277636,420190,18
277636,541828,18
277636,1016639,18
277636,2205386,18
277840,283262,18
277840,321134,18
277840,810184,18
278110,289782,18
278110,312962,18
278115,371179,18
278197,438471,18
278305,319885,18
278305,339873,18
278305,397649,18
278305,541149,18
278305,588266,18
278305,748600,18
278305,1666935,18
278622,315016,18
278622,456600,18
278622,1903981,18
278631,293422,18
278631,316917,18
278631,381205,18
278631,639540,18
278767,319363,18
278767,335165,18
278767,1844264,18
278767,4158629,18
278877,399738,18
278877,494845,18
278877,639540,18
278955,399738,18
278955,3269617,18
279718,282279,18
279718,314870,18
279718,316442,18
279718,367289,18
279718,413616,18
279718,1189620,18
279872,288700,18
279872,291628,18
279872,301341,18
279872,310582,18
279872,314091,18
279872,342260,18
279872,380740,18
279872,381870,18
280244,414823,18
280265,283697,18
280265,319363,18
280265,325708,18
280265,342756,18
280265,4158629,18
280305,2781116,18
280308,287502,18
280322,3279908,18
280618,329236,18
280618,355405,18
281042,294812,18
281282,360746,18
281416,440557,18
281416,1716270,18
282003,332484,18
282003,363754,18
282003,364680,18
282003,444158,18
282123,315141,18
282123,349342,18
282123,464145,18
282123,787270,18
282123,2707764,18
282146,306771,18
282146,484958,18
282730,301616,18
282730,372078,18
283602,311941,18
283602,420190,18
283765,398043,18
283815,606790,18
284324,293789,18
284329,310384,18
284329,2589153,18
284520,289719,18
284538,5313364,18
284538,5569058,18
284598,298305,18
284598,300137,18
284598,416348,18
284701,336641,18
284701,461232,18
284906,299750,18
284906,329538,18
284906,392071,18
284906,395034,18
285027,289992,18
285027,324834,18
285027,1507211,18
285027,1889271,18
285057,293764,18
285057,296460,18
285057,300139,18
285057,312962,18
285057,412474,18
285144,297327,18
285144,321982,18
285144,328664,18
285144,490759,18
285144,1166760,18
285472,308977,18
285557,319607,18
285671,288543,18
285671,323390,18
285671,366256,18
285671,393966,18
285733,395034,18
285754,336268,18
285754,363754,18
285754,394512,18
285754,4311515,18
285757,2076253,18
286143,327591,18
286148,378135,18
286177,2832830,18
286198,288826,18
286198,310508,18
286198,314870,18
286198,325081,18
286198,397981,18
286198,606790,18
286198,2250092,18
286258,402078,18
286258,531887,18
286258,577589,18
286579,291543,18
286579,311821,18
286579,339873,18
286714,288700,18
287073,329273,18
287164,310473,18
287164,316964,18
287208,538623,18
287244,298394,18
287244,306010,18
287269,315297,18
287269,322756,18
287426,349342,18
287426,367839,18
287502,291176,18
287502,349342,18
287581,291543,18
287581,297355,18
287581,339873,18
287581,418801,18
287581,436933,18
287581,551154,18
287581,3409075,18
287704,1654860,18
288372,310582,18
288372,336421,18
288372,337325,18
288543,314481,18
288543,322215,18
288543,399738,18
288700,308977,18
288700,319929,18
288700,1645861,18
288826,315297,18
288914,3543669,18
288925,293422,18
288925,329538,18
288925,392071,18
288925,399738,18
288925,431398,18
288925,448756,18
288925,483551,18
289254,355584,18
289254,454020,18
289356,369313,18
289719,350898,18
289719,374480,18
289719,381205,18
289719,395034,18
289719,634170,18
289782,314870,18
289848,295822,18
289848,299730,18
289848,310541,18
289848,314870,18
289848,1995084,18
289848,5291692,18
290340,844255,18
290340,952624,18
290896,464145,18
291176,320207,18
291543,299925,18
291543,448877,18
291863,371179,18
292225,940659,18
292237,298388,18
292265,4479529,18
292299,299730,18
292299,1844264,18
292389,526429,18
292437,298186,18
292437,308072,18
292437,343433,18
292437,366286,18
292437,381686,18
292437,399847,18
292521,435551,18
292521,451809,18
293160,396146,18
293170,1823973,18
293299,517957,18
293422,320027,18
293422,395034,18
293422,2178823,18
293471,476380,18
293569,444082,18
293684,318991,18
293764,309645,18
293764,310613,18
293764,579302,18
293764,2953398,18
293789,349342,18
293789,668560,18
293911,418549,18
294015,402806,18
294142,312581,18
294812,296050,18
294812,301056,18
294812,310541,18
294812,609048,18
295247,381205,18
295247,5454790,18
295598,308217,18
295598,336424,18
295598,3343242,18
295640,634308,18
295981,1841570,18
296460,392071,18
296693,396192,18
296814,352768,18
296814,560468,18
296844,534299,18
297327,323390,18
297378,311941,18
297378,316917,18
297378,381205,18
297378,2172944,18
297385,310541,18
297385,336424,18
297385,374779,18
297483,371179,18
297686,309264,18
298006,336641,18
298186,399847,18
298224,308977,18
298224,311286,18
298224,319885,18
298224,2666431,18
298224,4708539,18
298257,363937,18
298305,300101,18
298471,302927,18
298471,425077,18
298471,2825600,18
298555,405729,18
298718,307373,18
298718,319805,18
298718,338427,18
298718,367634,18
298894,329273,18
299329,356402,18
299351,381500,18
299444,303850,18
299494,387655,18
299508,329236,18
299533,3054074,18
299614,380716,18
299614,389098,18
299614,560468,18
299730,322756,18
299750,392071,18
299750,547923,18
299750,622397,18
300137,315297,18
300139,4291315,18
300847,309645,18
300847,330874,18
300847,420633,18
300847,431398,18
300847,1045041,18
301024,349686,18
301056,319607,18
301255,334234,18
301255,1906011,18
301341,342260,18
301341,346385,18
301341,381870,18
301341,397060,18
301414,2720528,18
301908,363754,18
301908,543182,18
301908,639540,18
302347,319805,18
302387,310508,18
302817,540626,18
302927,349686,18
302957,535928,18
302957,545324,18
302966,350898,18
303344,3788969,18
304286,314481,18
304286,339307,18
304286,396068,18
304286,402813,18
304286,503164,18
304286,1011783,18
304469,311821,18
304469,337890,18
304469,343433,18
304469,350497,18
304469,358312,18
304469,441325,18
304469,748146,18
304469,1768738,18
304734,310508,18
304734,317459,18
304734,1076361,18
305049,1281637,18
305239,365665,18
305319,309412,18
305595,451809,18
305595,456061,18
305779,389825,18
306010,353502,18
306721,310234,18
306721,350898,18
306771,352768,18
306771,5713664,18
306920,538623,18
306920,2679007,18
307171,314870,18
307229,321107,18
307373,398202,18
308072,311286,18
308072,315006,18
308162,320638,18
308162,346390,18
308162,2068565,18
308217,1748801,18
308484,371419,18
308579,352768,18
308579,579302,18
308579,1766969,18
308949,374285,18
308975,309645,18
308977,415094,18
309006,317951,18
309412,363937,18
309412,1841570,18
309645,314481,18
309645,321982,18
309645,349686,18
309645,396192,18
309645,841469,18
309856,579981,18
310234,1995084,18
310384,431398,18
310384,4230622,18
310508,316964,18
310508,319363,18
310508,357236,18
310508,367634,18
310508,371179,18
310508,379625,18
310508,381870,18
310508,413616,18
310508,1535114,18
310541,360625,18
310541,396068,18
310541,1693782,18
310541,2679007,18
310546,400209,18
310546,609048,18
310546,3111934,18
310613,323390,18
310613,2825600,18
310779,361245,18
310779,388273,18
310779,2830996,18
311286,371419,18
311320,347158,18
311821,436933,18
311941,425077,18
312402,315297,18
312402,319206,18
312586,356431,18
312595,362439,18
312635,4158629,18
312962,321982,18
312962,330874,18
312962,388273,18
312962,1766969,18
312962,1857589,18
312962,3394866,18
313590,381205,18
313801,420190,18
313801,431398,18
313801,483551,18
314091,339873,18
314481,361730,18
314481,1906426,18
314561,349342,18
314756,315297,18
314868,370891,18
314870,418801,18
314870,491713,18
314870,1450530,18
314870,1975376,18
314901,579981,18
315006,319929,18
315016,376062,18
315016,464145,18
315297,329236,18
315297,4158629,18
315297,5291692,18
315546,495632,18
315615,327142,18
315615,329538,18
315615,330874,18
315615,622397,18
316028,349342,18
316047,332687,18
316047,515835,18
316442,1759923,18
316483,360625,18
316483,388571,18
316483,1693782,18
316512,421279,18
316917,352757,18
316917,483551,18
316964,412772,18
316964,414767,18
316964,441325,18
316964,2781116,18
317120,2689678,18
317459,335339,18
317459,374779,18
317629,676309,18
317840,320207,18
318480,1823973,18
318980,361240,18
319447,341235,18
319447,380716,18
319447,639540,18
319471,348577,18
319471,783985,18
319607,343213,18
319805,1841570,18
319805,2327072,18
319885,399847,18
319885,748600,18
319885,2666431,18
319929,1189620,18
320027,344789,18
320027,5913436,18
320632,517957,18
320638,321545,18
320638,329236,18
320638,338710,18
320638,348117,18
320638,355489,18
320638,428509,18
320638,468369,18
320638,2077743,18
320638,2673407,18
321107,334767,18
321173,327398,18
321545,1995084,18
321963,810184,18
321963,4136982,18
322035,422650,18
322051,573036,18
322051,701274,18
322215,329538,18
322215,349686,18
322215,2076253,18
322756,392770,18
322756,394927,18
322756,2679007,18
323277,393966,18
323292,393966,18
323296,396192,18
323365,431398,18
323365,494845,18
323365,1016639,18
323390,560468,18
323692,3898713,18
324834,491713,18
325055,464145,18
325239,342260,18
325314,1759923,18
325708,349686,18
325830,455934,18
326970,2697661,18
327142,402813,18
327142,5404950,18
327845,389098,18
327845,465986,18
327845,494845,18
328265,398567,18
328664,363754,18
328664,431398,18
328664,541828,18
328664,560468,18
328899,701274,18
329236,329492,18
329236,334884,18
329236,360746,18
329236,382295,18
329236,397156,18
329236,454160,18
329236,456561,18
329236,538623,18
329236,1995084,18
329273,372078,18
329366,1786256,18
330874,420633,18
330874,490759,18
331446,365586,18
331446,410035,18
332047,526429,18
332128,652975,18
332276,375697,18
332484,394512,18
332484,4230622,18
332893,1889296,18
333167,490759,18
334737,336581,18
335305,410647,18
335681,430470,18
335777,336124,18
335870,383799,18
336268,363754,18
336421,346385,18
336530,802390,18
336581,396146,18
336641,1833620,18
336983,415094,18
336983,491713,18
336986,586893,18
338427,349342,18
338427,432508,18
338702,395034,18
338702,3394866,18
338839,404054,18
339307,2691335,18
339873,381870,18
339873,399567,18
339873,569627,18
341235,373279,18
341235,448756,18
342260,360941,18
342260,398567,18
342260,399319,18
342260,432285,18
342260,457884,18
342260,609048,18
342260,1429023,18
342260,1748801,18
343213,357295,18
343213,386176,18
343213,451949,18
343433,355345,18
343433,376062,18
344004,349686,18
344004,395034,18
344004,456061,18
344703,366256,18
344703,1016639,18
344789,392071,18
345009,406977,18
345702,858441,18
346524,399319,18
346524,405880,18
346524,810184,18
347186,381500,18
347186,406586,18
347529,359524,18
348357,399487,18
348472,408833,18
348472,2661647,18
348577,413616,18
349342,380156,18
349342,396068,18
349342,643186,18
349342,1844264,18
349686,373279,18
349686,380716,18
349686,402813,18
349686,2172944,18
349686,3043879,18
351724,371419,18
351765,531857,18
352574,412217,18
352574,531887,18
352574,1113635,18
352757,402813,18
352757,545324,18
352757,560468,18
353290,381870,18
353502,370891,18
353558,422650,18
354461,367061,18
355345,565846,18
355345,748600,18
356250,369551,18
356556,402806,18
357045,376429,18
358975,579981,18
359371,588266,18
359371,3409075,18
360746,405598,18
360746,574447,18
360746,1693782,18
361245,373279,18
361245,393019,18
361245,1259795,18
361245,2172944,18
361245,5404950,18
363754,381205,18
363754,622397,18
364680,373279,18
366256,414605,18
366256,420633,18
367618,425471,18
367634,1498470,18
369956,2068565,18
370891,396912,18
370891,1447318,18
371179,399732,18
372078,517957,18
372850,411633,18
373279,425077,18
373279,431398,18
376062,381870,18
376178,399473,18
376178,402813,18
377306,1537694,18
377306,3409075,18
377867,389986,18
378048,389098,18
379145,751452,18
379625,464808,18
380716,395034,18
380716,396068,18
380716,420633,18
380716,465986,18
380740,729116,18
381205,399738,18
381205,560468,18
381205,783244,18
381500,451412,18
381619,578034,18
381870,456600,18
381870,748600,18
381870,1844264,18
384348,845524,18
386176,444082,18
388273,1311275,18
390379,469733,18
390379,798401,18
390971,405598,18
392071,494845,18
392071,5454790,18
392537,1214530,18
393019,451809,18
393966,394512,18
393966,4057692,18
394043,412344,18
394512,396068,18
394512,622397,18
395034,1906426,18
396068,494845,18
396192,444158,18
398680,847694,18
399184,403379,18
399487,508106,18
399738,2788970,18
399847,4708539,18
400209,402813,18
402078,461914,18
402813,2172944,18
403117,783985,18
403379,494323,18
405007,584148,18
405007,673129,18
405007,1705421,18
405457,428329,18
405457,606684,18
405457,2711575,18
406586,474388,18
408777,470850,18
408777,803482,18
409396,456053,18
410224,842398,18
410224,1889296,18
410647,458375,18
410647,2172429,18
410647,4945115,18
412217,427693,18
412474,503164,18
412474,1011783,18
412474,2770971,18
412772,4708539,18
413224,684030,18
413224,1058383,18
413616,466115,18
413616,1984660,18
414605,484958,18
414605,1016639,18
415303,601269,18
415522,639540,18
415907,1077691,18
418237,438383,18
418237,441795,18
418801,4351030,18
425077,431398,18
425077,2830996,18
425861,456053,18
427452,456053,18
427452,1748801,18
427693,461184,18
433081,3532134,18
434886,517324,18
435551,451809,18
435551,473508,18
435551,2244271,18
437513,4464618,18
439710,469733,18
440440,631052,18
440982,622397,18
443501,476837,18
444158,448756,18
446041,451949,18
446357,501004,18
446741,3152906,18
447408,465986,18
448756,4311515,18
448877,501509,18
450714,477634,18
451949,603205,18
454819,3227481,18
457884,471764,18
461137,720030,18
461137,4625544,18
464463,1165400,18
464463,1528168,18
465010,467079,18
465986,2676065,18
467975,634308,18
468407,5520832,18
469733,847694,18
469733,1052267,18
473508,560468,18
477634,1367757,18
482795,634308,18
483320,560468,18
483551,494845,18
483551,1834901,18
483551,4152575,18
483551,6496481,18
483629,1018371,18
488491,655294,18
488784,1535114,18
490650,1091799,18
495436,3546331,18
501004,1058383,18
508912,588266,18
510278,585558,18
511954,562465,18
513693,5446353,18
516583,547177,18
516583,1268265,18
516583,1299346,18
521612,535928,18
525382,734139,18
532608,634308,18
535072,798401,18
538623,3343242,18
541828,1259795,18
546344,560468,18
551360,847694,18
560468,639540,18
562465,571277,18
565846,1288367,18
572397,852669,18
573567,1015201,18
577589,744631,18
579302,2076253,18
579981,619374,18
579981,720030,18
579981,1535114,18
585558,1248503,18
588266,1189620,18
588266,1658880,18
588634,4136724,18
595396,596754,18
600582,862169,18
607116,829652,18
609400,783985,18
609439,1877183,18
619190,646873,18
620559,1091799,18
622397,2825600,18
628016,636989,18
639009,844255,18
639243,2477343,18
643734,1975376,18
644720,5887406,18
648057,827865,18
648280,5441299,18
652975,2018599,18
657580,2788970,18
669832,810184,18
682395,912985,18
683575,6280513,18
701274,915234,18
702693,707343,18
707502,707651,18
714353,847031,18
714353,1052267,18
714669,4708539,18
724915,863896,18
764540,1275125,18
764540,3418301,18
781087,798401,18
781685,2347433,18
798401,1186597,18
798401,1326871,18
803482,835872,18
819737,1134448,18
819737,2358179,18
819737,3227481,18
822163,3081437,18
822163,5918038,18
824805,1024567,18
824805,5477399,18
830690,2193406,18
835604,5758076,18
844255,1187013,18
847031,1334965,18
852669,1052267,18
852669,1334965,18
902386,2552000,18
902634,5461980,18
906357,1166760,18
907898,5452776,18
912985,952624,18
912985,1334965,18
937047,983129,18
960104,2358179,18
972265,1326871,18
981781,1497794,18
985817,1061559,18
1011044,1339449,18
1011783,3543669,18
1015201,2767819,18
1020729,1334965,18
1023370,2003415,18
1097506,5313216,18
1122675,5477399,18
1124762,1672475,18
1140030,1256841,18
1140665,1982927,18
1140665,2477343,18
1157073,1316497,18
1157073,5479327,18
1166760,2066320,18
1176263,1291858,18
1187013,2927181,18
1229435,1395483,18
1251931,1861432,18
1256841,1262673,18
1259300,5486394,18
1263549,6661415,18
1265961,1486939,18
1281924,1457907,18
1291132,3279908,18
1316497,1923778,18
1326871,1486939,18
1342800,2358179,18
1356454,1748801,18
1356454,4383462,18
1387024,1672475,18
1406107,1986536,18
1437385,1823973,18
1445571,5056091,18
1458496,5446286,18
1476783,5423290,18
1490190,2477343,18
1509167,5461976,18
1512885,5401316,18
1593588,2184627,18
1640652,1935467,18
1659945,2767819,18
1737487,1896565,18
1737487,4776589,18
1737487,4867903,18
1737487,5035684,18
1737487,5092122,18
1737487,5160194,18
1737487,5300627,18
1737487,7168417,18
1737487,7291532,18
1748801,4383462,18
1759926,5479327,18
1768699,1810852,18
1823973,1841570,18
1825067,5442686,18
1825339,3260111,18
1826499,3182107,18
1833620,3428523,18
1835013,3081437,18
1844264,2676176,18
1877183,3081437,18
1896565,5093843,18
1923778,2619238,18
1995084,2720528,18
2001434,3712719,18
2009988,2038886,18
2145985,3460612,18
2167695,4577537,18
2192622,2700836,18
2203364,5946773,18
2347433,4549621,18
2449781,5434718,18
2451222,6171946,18
2496120,3770175,18
2496120,5340689,18
2526092,3246681,18
2563525,5074441,18
2696621,3312666,18
2707764,4625544,18
2758203,5435677,18
2770971,5404950,18
2780641,2831137,18
2780641,5519113,18
2797661,2815869,18
2805311,2815934,18
2809007,2835715,18
2809272,5536746,18
2815869,5548056,18
2817328,2835715,18
2819167,2824010,18
2824010,6774783,18
2827758,5536746,18
2831137,2920028,18
2831137,5536746,18
2835715,2920028,18
2835715,5489750,18
2835715,5504949,18
2835715,6772189,18
2843003,5478164,18
2895731,3629711,18
2962180,5454548,18
2974671,3237167,18
3016067,3079316,18
3020806,4407834,18
3054074,5535219,18
3055810,5097670,18
3078589,3093796,18
3079075,3210958,18
3192871,3246681,18
3208011,3988685,18
3227481,3327631,18
3279908,4184137,18
3279908,5001466,18
3279908,5084241,18
3279908,5092122,18
3279908,5160194,18
3279908,5369618,18
3279908,6496310,18
3279908,7264986,18
3297017,4784628,18
3349569,5074441,18
3425556,5619620,18
3425556,5758076,18
3619185,6769486,18
3629203,5484978,18
3805560,6227984,18
4057692,4311515,18
4255289,5517174,18
4255289,5529861,18
4255289,5536746,18
4297833,5443645,18
4310035,5466631,18
4310300,5752587,18
4383462,5569058,18
4403156,7843226,18
4464794,4540920,18
4479529,4708539,18
4534104,5738600,18
4625544,4944301,18
4630994,5457861,18
4727464,4881855,18
4863665,4955622,18
4863665,5280159,18
4877006,4890313,18
4877006,4945115,18
4884908,4954957,18
4886439,4930464,18
4886439,4998446,18
4886439,5089217,18
4945115,5291978,18
4998446,5093843,18
5266635,5281620,18
5266635,6374498,18
5345334,5372244,18
5395187,5414657,18
5399060,5524334,18
5414657,6153609,18
5440893,5491950,18
5440893,5504949,18
5463853,5466047,18
5465705,5519113,18
5479327,5484066,18
5485786,5593280,18
5489750,5517174,18
5502682,5526957,18
5505102,5536746,18
5505785,5517239,18
5517174,6791137,18
5526957,5632538,18
5529861,6791137,18
5536746,6772189,18
5673784,7923599,18
6182294,6982225,18
6872379,6873317,18
7879427,8774368,18
8802151,8819712,18
928,6332,17
928,54826,17
928,102783,17
928,1091669,17
928,1325561,17
1918,324834,17
1918,1844264,17
2277,550498,17
2277,714353,17
2277,1052267,17
3155,42838,17
3155,852669,17
4786,321963,17
4786,323520,17
5197,1100654,17
6332,42838,17
6332,196690,17
6332,232463,17
6332,238612,17
6332,639009,17
9477,467410,17
9498,1334965,17
10918,210719,17
11382,176717,17
11382,314870,17
11382,358975,17
11382,609048,17
11382,1662783,17
11559,2676065,17
12715,287164,17
12715,323649,17
12715,343433,17
12715,399487,17
12715,410127,17
12829,292437,17
12829,378048,17
12949,3885990,17
13351,66736,17
13351,310234,17
13351,314724,17
13351,317951,17
13351,344001,17
13351,395691,17
13351,461137,17
13351,609048,17
13351,1844264,17
13351,1889296,17
13351,5313216,17
13397,113535,17
13397,174279,17
13397,398680,17
13397,912985,17
13397,1052267,17
13552,300847,17
13552,330874,17
13552,444158,17
13552,639540,17
15140,451949,17
15140,669832,17
15140,2695226,17
15140,2824842,17
15363,279872,17
15363,285557,17
15363,287426,17
15363,288372,17
15363,301616,17
15363,307373,17
15363,310541,17
15363,319206,17
15363,372078,17
15363,398202,17
15363,400209,17
15363,415094,17
15433,88767,17
15433,111761,17
15433,2027046,17
15866,432270,17
16314,248721,17
17036,431398,17
17039,160841,17
20210,20840,17
20210,310234,17
20460,278877,17
20460,444158,17
20464,319885,17
20464,2666431,17
20840,287164,17
20840,304469,17
20840,316964,17
20840,320638,17
20840,343433,17
20840,381870,17
20840,643186,17
21244,298186,17
21244,308484,17
21244,332893,17
21244,345975,17
21244,1189620,17
21244,2781116,17
21707,248721,17
21707,314724,17
21786,160841,17
21786,497774,17
21786,913542,17
21786,1024141,17
21986,141775,17
22944,26408,17
24399,551360,17
24399,1052267,17
25968,402330,17
26408,40836,17
26408,47149,17
26408,714353,17
26408,844255,17
26546,170196,17
26815,282003,17
26815,310234,17
26815,341235,17
26815,392071,17
26815,1045041,17
26815,4311515,17
27574,52802,17
29117,169620,17
29117,186565,17
29117,277434,17
29117,289848,17
29117,307171,17
29117,310234,17
29117,319363,17
29117,329492,17
29117,346524,17
29117,412772,17
29378,248721,17
29378,285057,17
29378,288925,17
29378,344004,17
29378,444158,17
29378,1011783,17
29378,1857589,17
30013,149912,17
30330,572397,17
30330,714353,17
30657,299750,17
30657,321982,17
30657,399738,17
30657,447408,17
30657,540626,17
31646,47149,17
31646,639009,17
31950,442767,17
32812,1659783,17
33701,1241345,17
35030,48707,17
35109,349342,17
35109,403189,17
35109,1537694,17
41962,54826,17
41962,559882,17
41962,1091669,17
41962,1165400,17
41962,1187013,17
41962,1325561,17
42838,81344,17
42838,852669,17
43217,3279908,17
43387,83936,17
44694,248721,17
47064,149898,17
47064,232463,17
47149,1165400,17
49525,410647,17
49554,576324,17
49904,315016,17
49904,2713893,17
53708,469733,17
53882,61967,17
54334,266550,17
54334,282146,17
54334,1011783,17
54826,149898,17
54826,398680,17
54826,439710,17
54826,1265961,17
57845,302957,17
57845,381205,17
57845,392071,17
61967,300412,17
61967,960643,17
61967,1061297,17
62971,457793,17
67723,564420,17
68522,316964,17
69472,86914,17
69472,149898,17
78609,652510,17
78811,279872,17
80222,469733,17
81108,310234,17
81344,149898,17
81344,238612,17
81344,528035,17
81344,832392,17
81344,862325,17
81344,2927181,17
83355,848293,17
83355,1470874,17
90617,398202,17
100272,942448,17
100272,1509167,17
102557,217478,17
102557,309575,17
102783,1020729,17
104816,1175395,17
108567,594462,17
109772,535072,17
113535,798401,17
113535,1270040,17
113535,1334965,17
114289,292521,17
119524,535928,17
123137,134563,17
129245,414605,17
129703,1139489,17
132400,141775,17
132400,190992,17
132400,209278,17
133454,149898,17
134525,5344810,17
135507,321982,17
141775,190992,17
142088,302927,17
142088,2825600,17
142418,308323,17
148523,256345,17
149898,400746,17
149898,798401,17
149912,351058,17
149912,871832,17
149912,1069150,17
149912,1644469,17
151789,1748801,17
158967,280064,17
161246,232463,17
161246,1006951,17
165369,310582,17
165369,501964,17
165408,324365,17
165483,280107,17
165992,1822816,17
166112,280308,17
166112,332687,17
166118,190125,17
166603,310601,17
166603,396146,17
166603,2036152,17
166833,315297,17
166947,349653,17
167453,169717,17
167564,2102485,17
168018,476813,17
168167,292437,17
168167,320638,17
168167,321963,17
168167,329236,17
168167,336983,17
168167,379625,17
168167,383799,17
168167,1739424,17
168899,511031,17
169232,188314,17
169620,278218,17
169620,325708,17
169620,579981,17
169620,1450530,17
170196,298186,17
170201,239202,17
170396,316442,17
170427,329273,17
170427,338710,17
170460,299494,17
170574,311821,17
170666,288700,17
170666,291543,17
170666,323692,17
170666,367289,17
170666,413616,17
170666,1833620,17
171096,2154357,17
171244,285027,17
171327,330054,17
171663,215158,17
171897,248721,17
171897,294461,17
171897,1437385,17
171897,6576209,17
173463,1353884,17
174279,862325,17
174808,282730,17
174808,307229,17
174808,349342,17
174808,370891,17
175433,195162,17
175433,549339,17
176618,216827,17
176717,191358,17
176717,358975,17
176717,579981,17
179499,201395,17
179678,523503,17
179962,229151,17
180471,680445,17
181637,208250,17
182027,185411,17
183763,205828,17
183876,204383,17
184489,328232,17
184489,378792,17
184489,412848,17
185664,3097648,17
186259,456561,17
186259,489770,17
186259,504693,17
186505,287502,17
186505,565376,17
186565,270133,17
186565,279872,17
186565,349342,17
186565,350898,17
186565,377306,17
186790,242257,17
186877,289777,17
187168,282054,17
187168,312635,17
187278,286198,17
187278,287426,17
187541,427518,17
187711,1822816,17
189073,336641,17
189073,1764838,17
189799,307958,17
189953,245592,17
189953,293918,17
189953,309412,17
190180,283262,17
190787,609048,17
190992,367071,17
190992,395691,17
191358,283815,17
191358,293789,17
191358,306571,17
191358,307171,17
191358,314901,17
191358,324834,17
191358,346524,17
191358,353290,17
191358,360625,17
191358,396068,17
191358,603205,17
191358,720030,17
191358,2695451,17
191467,280265,17
191767,202607,17
191767,2661647,17
192023,3147982,17
193631,798401,17
194600,223850,17
195162,205647,17
198981,960104,17
198981,1134448,17
198981,1342800,17
198981,2358179,17
198981,3227481,17
198981,3327631,17
199170,300137,17
199170,319929,17
199784,210385,17
199784,232488,17
199784,398567,17
199784,2695226,17
199784,5344761,17
199961,489770,17
200263,665366,17
202617,222276,17
203226,4322403,17
203226,5401153,17
203919,404238,17
204488,286143,17
204815,218681,17
204815,618731,17
206045,350898,17
206045,418801,17
206764,399619,17
209278,230288,17
209278,293654,17
209278,321107,17
209278,344001,17
209278,359037,17
209278,1696023,17
209957,456870,17
209957,488784,17
210385,488491,17
210385,669832,17
210719,488784,17
214249,622397,17
216906,326775,17
217241,282730,17
217444,3210958,17
217478,230288,17
217478,382768,17
218383,922769,17
220305,3080942,17
222126,1451399,17
222315,527637,17
223902,357821,17
229775,431355,17
230288,356431,17
230783,2350809,17
230783,5352245,17
230783,5479327,17
232447,263244,17
232463,798401,17
232463,844255,17
232463,1187013,17
232463,1334965,17
232488,239215,17
232488,321963,17
232488,344001,17
232488,367071,17
232488,406103,17
232488,456870,17
232488,1662783,17
232488,2206745,17
234022,847694,17
234022,852669,17
234022,1326871,17
234636,305632,17
242257,1439566,17
248721,278622,17
248721,281416,17
248721,283262,17
248721,287073,17
248721,295124,17
248721,301341,17
248721,306465,17
248721,307229,17
248721,307373,17
248721,312487,17
248721,316964,17
248721,318554,17
248721,337087,17
248721,338427,17
248721,339873,17
248721,343730,17
248721,349686,17
248721,367634,17
248721,372549,17
248721,376346,17
248721,379625,17
248721,381870,17
248721,392071,17
248721,396068,17
248721,406103,17
248721,415094,17
248721,418801,17
248721,447096,17
248721,463062,17
248721,571027,17
248721,671203,17
248721,1447318,17
248721,1525441,17
248721,1984660,17
248721,5290396,17
253170,453444,17
254569,350511,17
256345,501004,17
256345,577589,17
262628,504693,17
265614,387641,17
266550,541828,17
266550,2895308,17
270133,318554,17
272078,298471,17
272078,312962,17
272078,313590,17
272078,361245,17
272078,376178,17
272078,435551,17
272078,1907484,17
277636,412474,17
277636,415522,17
277840,281042,17
277840,297385,17
277840,1356454,17
278037,388273,17
278037,456061,17
278037,543182,17
278110,301908,17
278110,361730,17
278110,393966,17
278110,396190,17
278110,500028,17
278305,292437,17
278305,311286,17
278305,325055,17
278305,1764838,17
278622,282279,17
278622,302387,17
278622,541149,17
278622,609400,17
278622,5418494,17
278631,373279,17
278631,399738,17
278631,1011783,17
278631,2695779,17
278694,858441,17
278767,299730,17
278767,357106,17
278767,379625,17
278767,1225798,17
278767,1437082,17
278767,1984660,17
278767,5291692,17
278877,293764,17
278877,301024,17
278877,313210,17
278877,314481,17
278955,285733,17
278955,320027,17
278955,465986,17
278981,5573229,17
279690,1658783,17
279718,291543,17
279718,301616,17
279718,304469,17
279718,310582,17
279718,320638,17
279718,331285,17
279718,355345,17
279718,360153,17
279718,414767,17
279812,289777,17
279812,310582,17
279872,286579,17
279872,304469,17
279872,308072,17
279872,311821,17
279872,399567,17
279872,412772,17
279872,541149,17
279872,609400,17
279872,1537694,17
279872,4708539,17
280244,296460,17
280244,395034,17
280244,447408,17
280244,2676065,17
280265,286198,17
280265,287073,17
280265,298718,17
280265,314870,17
280265,318554,17
280265,331285,17
280265,333407,17
280265,377306,17
280265,634379,17
280305,308484,17
280357,511866,17
280618,293170,17
280618,1750748,17
280618,1822816,17
280650,351015,17
280650,472410,17
281042,538623,17
281042,1748801,17
281202,526003,17
281244,301576,17
281282,298105,17
282003,313210,17
282003,323365,17
282003,420190,17
282003,1834901,17
282003,2825600,17
282054,464808,17
282123,287581,17
282123,288700,17
282123,288826,17
282123,291543,17
282123,292437,17
282123,380740,17
282146,366256,17
282146,380716,17
282146,420633,17
282279,285053,17
282352,321303,17
283262,360746,17
283262,376013,17
283262,400209,17
283262,3343242,17
283602,366256,17
283602,484958,17
283815,293911,17
283815,307373,17
283975,1983098,17
284324,303952,17
284329,297327,17
284329,302927,17
284329,315546,17
284329,327845,17
284329,366256,17
284329,420633,17
284520,312402,17
284538,300847,17
284538,2679007,17
284598,298186,17
284598,300101,17
284598,304469,17
284598,310582,17
284598,355345,17
284598,376062,17
284598,397649,17
284598,630568,17
284598,3314515,17
284788,348073,17
284906,296814,17
284906,344789,17
284906,352757,17
284906,373279,17
284906,381205,17
284906,393019,17
285019,289254,17
285019,339046,17
285027,292401,17
285057,392071,17
285057,2825600,17
285144,299614,17
285144,301024,17
285144,315615,17
285144,327142,17
285144,483551,17
285144,560468,17
285144,1457001,17
285144,2236433,17
285472,355345,17
285557,386176,17
285671,299614,17
285671,420190,17
285671,560468,17
285671,2172944,17
285733,392888,17
285733,393966,17
285733,1834901,17
285733,2205386,17
285754,327142,17
285754,344789,17
285757,301024,17
285757,332484,17
285757,414605,17
285757,431398,17
285757,2205386,17
285757,4230622,17
285764,297348,17
285787,289782,17
285787,310037,17
286177,301024,17
286177,5112239,17
286198,289848,17
286198,307171,17
286198,307373,17
286198,312402,17
286198,317116,17
286198,325708,17
286198,329236,17
286198,342260,17
286198,398603,17
286198,541149,17
286198,1537694,17
286258,673129,17
286258,1194924,17
286579,315016,17
286714,302387,17
287073,293911,17
287073,351442,17
287073,2707764,17
287170,288052,17
287244,292796,17
287244,351442,17
287269,289848,17
287269,633171,17
287387,298718,17
287426,297483,17
287426,310508,17
287426,395034,17
287426,1498470,17
287470,536867,17
287581,414767,17
287581,533519,17
287581,541149,17
287581,602418,17
287581,2666431,17
287581,2723994,17
287581,2781116,17
288053,289719,17
288372,298006,17
288372,298224,17
288372,301341,17
288372,308977,17
288372,602418,17
288387,2818966,17
288543,302957,17
288700,292437,17
288700,310582,17
288700,415094,17
288826,369956,17
288885,296005,17
288885,361334,17
288885,405729,17
288914,339307,17
288925,1766969,17
289254,296386,17
289422,314870,17
289422,349342,17
289719,301255,17
289719,301414,17
289777,609400,17
289777,1815640,17
289782,351505,17
289848,295598,17
289848,316964,17
289848,329236,17
289848,379625,17
289848,398749,17
289848,399732,17
289992,440557,17
290168,5419629,17
290212,297725,17
290340,400746,17
290340,839408,17
290340,1079579,17
290406,371419,17
290406,464145,17
290406,546541,17
290896,6720842,17
291152,1658783,17
291176,355405,17
291176,652975,17
291543,310508,17
291543,461615,17
291628,371419,17
291941,293299,17
292265,310508,17
292265,311286,17
292265,541149,17
292265,2666431,17
292273,395004,17
292437,330705,17
292437,748146,17
292437,3409075,17
292521,447408,17
292521,991072,17
292549,298471,17
292549,409396,17
292880,318791,17
292880,355405,17
293160,296765,17
293160,334737,17
293299,298718,17
293299,306721,17
293299,331446,17
293366,571708,17
293422,298471,17
293422,309645,17
293422,560468,17
293422,1214530,17
293422,5713664,17
293471,328328,17
293569,335339,17
293569,343730,17
293569,3111934,17
293654,3094297,17
293684,2700836,17
293764,414823,17
293764,447408,17
293764,456061,17
293764,503164,17
293764,2787905,17
293789,334234,17
293789,349686,17
293911,349342,17
293911,1498470,17
293918,314870,17
294015,386176,17
294590,371667,17
295107,365215,17
295228,344703,17
295247,330874,17
295247,535928,17
295247,1259795,17
295598,538623,17
295640,415303,17
296460,2825600,17
296693,297378,17
296693,323365,17
296693,2076253,17
296814,332484,17
296814,490759,17
296814,513437,17
297296,348357,17
297296,1833620,17
297327,300885,17
297327,535928,17
297327,639540,17
297327,3043879,17
297348,303850,17
297355,533519,17
297355,551154,17
297378,313801,17
297385,310508,17
297385,314870,17
297385,396068,17
297385,1457907,17
297385,1693782,17
297483,299508,17
297625,330054,17
297725,320638,17
298006,381870,17
298006,399567,17
298186,300101,17
298186,330998,17
298186,378048,17
298186,1658880,17
298224,322051,17
298224,371419,17
298224,412772,17
298357,309353,17
298394,1439566,17
298471,312962,17
298471,313671,17
298471,409396,17
298555,342736,17
298670,346524,17
298670,5313216,17
298718,337087,17
298718,372078,17
298718,396068,17
298718,454160,17
298718,1822816,17
298718,2666431,17
298718,4625544,17
298893,310508,17
298893,329236,17
298894,317955,17
299329,301616,17
299329,350004,17
299329,1995084,17
299508,350898,17
299533,978632,17
299614,381205,17
299730,312269,17
299730,315297,17
299730,349342,17
299750,300139,17
299750,344004,17
299750,414605,17
299750,415522,17
299750,1834901,17
299750,1992926,17
299750,2947121,17
299800,322756,17
299800,2800234,17
299873,325296,17
299873,858441,17
299925,316108,17
300101,308484,17
300101,325055,17
300137,311286,17
300137,376062,17
300137,594794,17
300139,304286,17
300139,1259795,17
300754,311740,17
300779,488920,17
300847,302957,17
300847,333167,17
300847,465986,17
300885,484958,17
300965,323664,17
301024,414823,17
301024,484958,17
301024,1986536,17
301056,328265,17
301056,1748801,17
301255,317482,17
301255,361857,17
301341,319885,17
301341,355345,17
301341,803468,17
301538,351899,17
301576,359037,17
301616,307171,17
301616,342260,17
301616,381870,17
301908,316917,17
301908,330874,17
301908,469565,17
301908,535928,17
302387,355345,17
302387,374285,17
302387,787270,17
302817,748600,17
302927,310613,17
302927,376178,17
302927,991072,17
302927,2788970,17
302957,310384,17
302957,320506,17
302957,339307,17
302957,630046,17
302957,1857589,17
302957,2787905,17
303414,321030,17
303787,350511,17
303787,571368,17
303952,317103,17
304286,308579,17
304286,327845,17
304286,349342,17
304286,392888,17
304286,447408,17
304286,541828,17
304286,2456212,17
304469,371419,17
304469,464145,17
304469,562965,17
304734,495632,17
305049,336986,17
305049,1457601,17
305250,305779,17
305319,329236,17
305319,462574,17
305595,315546,17
305595,315615,17
305595,345599,17
305595,364680,17
305595,4311515,17
305779,394967,17
306009,315016,17
306421,1562530,17
306721,329236,17
306771,321982,17
306771,328664,17
306771,381205,17
306771,393019,17
306771,431398,17
306771,2205386,17
306771,3543669,17
306771,4311515,17
306920,377141,17
307171,452715,17
307229,349342,17
307229,353502,17
307373,314724,17
307373,329236,17
307373,350898,17
308067,630568,17
308072,336421,17
308072,588266,17
308072,748146,17
308162,342756,17
308162,1437082,17
308217,398567,17
308449,382219,17
308484,319929,17
308579,309645,17
308977,336421,17
308977,399847,17
308977,406343,17
308977,441325,17
308977,2666431,17
309006,1662783,17
309043,310582,17
309412,313967,17
309412,1823973,17
309575,2661647,17
309645,315546,17
309645,399738,17
309645,503164,17
309645,622397,17
309645,1061605,17
309645,2928894,17
309703,310508,17
309703,322808,17
309703,360746,17
309856,383799,17
310037,349342,17
310037,517957,17
310046,405007,17
310234,342260,17
310234,1844264,17
310234,2668565,17
310234,3152906,17
310299,342260,17
310384,333167,17
310384,1834901,17
310384,2788970,17
310473,351724,17
310508,321963,17
310508,351442,17
310508,357106,17
310508,382295,17
310508,463062,17
310508,1484861,17
310508,1833620,17
310508,1995084,17
310508,2679007,17
310541,321963,17
310541,325708,17
310541,400209,17
310546,603205,17
310546,1748801,17
310582,315006,17
310582,320638,17
310582,395004,17
310582,441325,17
310582,501964,17
310582,579981,17
310582,588266,17
310613,361730,17
310761,1764838,17
310770,313967,17
310779,657580,17
311286,314091,17
311286,319885,17
311286,346050,17
311286,4708539,17
311356,408393,17
311941,345599,17
311941,783244,17
312269,1844264,17
312396,373733,17
312402,321107,17
312402,329492,17
312402,1995084,17
312824,405457,17
312962,2172944,17
313136,1617704,17
313210,341235,17
313210,395034,17
313590,330874,17
313590,380716,17
313801,2244271,17
313801,2456212,17
314334,369372,17
314481,388273,17
314481,393966,17
314481,399738,17
314724,381870,17
314868,361857,17
314868,491713,17
314868,1995084,17
314870,318554,17
314870,319363,17
314870,344001,17
314870,350004,17
314870,357236,17
314870,367839,17
314870,643734,17
314870,1498470,17
314870,4625544,17
315016,319929,17
315016,377306,17
315141,377306,17
315297,321545,17
315297,335870,17
315297,341972,17
315297,505323,17
315297,2068565,17
315297,2723994,17
315546,368120,17
315546,389098,17
315615,381205,17
315921,1256841,17
316028,361857,17
316028,517957,17
316108,396146,17
316108,1759923,17
316442,348577,17
316442,374285,17
316442,394927,17
316442,403117,17
316442,441325,17
316442,729116,17
316442,4708539,17
316483,803482,17
316512,1759923,17
316917,330874,17
316917,412474,17
316917,414605,17
316917,1016639,17
316964,319885,17
316964,336641,17
316964,376062,17
316964,464145,17
316964,5348800,17
317293,318134,17
317459,343213,17
317459,377141,17
317651,433081,17
317833,1822816,17
317833,2036152,17
318134,352221,17
318554,329236,17
318554,367839,17
318680,322756,17
318753,333496,17
318753,351965,17
319109,412772,17
319206,324834,17
319206,325708,17
319206,496160,17
319206,579981,17
319206,2578022,17
319363,320638,17
319363,2668565,17
319447,412474,17
319447,535928,17
319471,1463441,17
319800,334737,17
319862,329236,17
319862,418280,17
319885,378048,17
319885,395004,17
319885,399487,17
320027,323365,17
320027,361245,17
320027,2244271,17
320506,373279,17
320506,494845,17
320632,486876,17
320632,2832830,17
320638,335870,17
320638,342260,17
320638,381870,17
320638,396235,17
320638,569627,17
320638,1225798,17
320638,1429023,17
320638,5464530,17
321243,333265,17
321382,463062,17
321963,345904,17
321963,397156,17
321963,400209,17
321963,655294,17
321963,1535114,17
321963,1693782,17
321963,1696023,17
321963,2695451,17
321982,394512,17
321982,484958,17
322051,355345,17
322215,338702,17
322215,361245,17
322215,396190,17
322215,412474,17
322215,1259795,17
322215,1423309,17
322611,347766,17
322756,441325,17
322756,2077743,17
322766,403647,17
322808,456870,17
323277,344004,17
323277,393019,17
323292,409396,17
323292,535928,17
323365,393019,17
323365,394512,17
323365,2205386,17
323390,464103,17
323423,330452,17
324274,330452,17
324834,326011,17
324834,342260,17
325708,378195,17
325839,461914,17
325974,327845,17
325974,2928894,17
327142,342260,17
327142,444158,17
327142,464103,17
327142,490759,17
327142,541828,17
328270,343253,17
328328,336641,17
328664,1857589,17
328899,1889296,17
328954,395034,17
329236,358006,17
329236,431398,17
329236,456870,17
329236,469396,17
329236,810184,17
329236,5337704,17
329236,5670280,17
329273,334767,17
329273,491713,17
329492,349686,17
329492,359024,17
329538,393019,17
329538,2244271,17
330452,367337,17
330874,2372654,17
331253,2089379,17
331285,413616,17
332402,913542,17
332484,484958,17
332484,6702651,17
332687,515835,17
332893,1189620,17
333028,336641,17
333167,420633,17
333167,494845,17
333167,4230622,17
334234,360941,17
334234,398202,17
334234,4152575,17
334737,1463441,17
335339,343213,17
335339,460350,17
335339,1457907,17
335777,578807,17
335777,613814,17
336268,352757,17
336421,415094,17
336424,400209,17
336424,470850,17
336641,342260,17
336641,348357,17
337890,343433,17
337890,377306,17
338427,350004,17
338702,783244,17
339873,343433,17
339873,355345,17
339873,367839,17
339873,371419,17
339873,643186,17
341235,2676065,17
341235,3394866,17
341235,4311515,17
341235,5339939,17
341825,2689678,17
341972,2668565,17
342260,381205,17
342260,442837,17
342260,444082,17
342260,456561,17
342260,458503,17
342260,491713,17
342260,1671342,17
342260,2714727,17
342260,5309190,17
342260,5345334,17
342674,1764838,17
342756,1844264,17
343213,402806,17
343213,4383462,17
343316,460350,17
343433,377306,17
343433,418801,17
343620,579981,17
343730,1356454,17
344001,359037,17
344004,344789,17
344004,1011783,17
344306,405159,17
344789,1857589,17
345448,374136,17
346390,464808,17
346524,349342,17
347158,349653,17
347158,1463441,17
348357,4708539,17
349342,426568,17
349342,464808,17
349342,517957,17
349653,396146,17
349686,388273,17
349686,396192,17
349686,538623,17
349686,5479207,17
351356,478453,17
351485,1507211,17
351965,406586,17
352574,1058383,17
352757,393019,17
354461,370180,17
354836,427452,17
355345,410127,17
355345,568515,17
355345,5435983,17
355405,1935467,17
356755,397142,17
357236,606790,17
359305,424403,17
359332,618702,17
359371,508912,17
359930,1844264,17
360625,360746,17
360625,1356454,17
360746,408777,17
361730,484958,17
363754,2172944,17
363754,5524334,17
364525,387422,17
364680,376178,17
364680,380716,17
365586,517957,17
366256,381205,17
366256,1935789,17
367839,412772,17
369313,748146,17
369372,1670029,17
370244,468503,17
371419,381870,17
371419,541149,17
371419,748600,17
371708,3418859,17
371793,5479327,17
373279,4311515,17
374779,504693,17
375641,5584175,17
376062,1658880,17
378048,446041,17
378099,426622,17
378195,1995084,17
379625,428509,17
380893,1335786,17
381205,513437,17
381205,2676065,17
381205,3643502,17
381870,397649,17
381870,508912,17
381870,4351030,17
383797,425471,17
388273,399738,17
388273,513437,17
389006,408643,17
390379,570700,17
390379,626601,17
390379,847694,17
390379,1902926,17
390379,1985850,17
390971,460350,17
390971,1748801,17
392071,425077,17
392071,454314,17
392071,2830996,17
392537,1206565,17
393019,415522,17
393019,831256,17
393019,2456212,17
393966,395034,17
393966,402813,17
394512,484958,17
394512,2825600,17
394649,454865,17
395004,2671912,17
395004,2713893,17
395034,451809,17
395034,473508,17
395034,639540,17
395034,1127039,17
395034,1259795,17
395034,2770971,17
395034,6642654,17
395243,415907,17
395376,426828,17
396048,421613,17
396068,541828,17
396192,1259795,17
396838,503047,17
396838,1856955,17
396912,433081,17
397156,402806,17
397806,418457,17
398221,461184,17
398221,461914,17
398680,447131,17
398749,2668565,17
399487,748600,17
399487,3152906,17
399732,411876,17
400209,2700836,17
400746,714353,17
400746,912985,17
400873,471455,17
402078,461184,17
402078,479137,17
402078,577589,17
402765,409665,17
402806,460350,17
402806,2679007,17
402813,1485596,17
403379,409585,17
403379,443924,17
403562,418549,17
405007,793646,17
405007,1076604,17
405007,1180374,17
406586,768284,17
406859,2744204,17
407090,422967,17
408423,2018599,17
408643,534306,17
409665,442767,17
409952,507102,17
410647,2496120,17
412217,461914,17
412344,451412,17
412474,414605,17
412474,415522,17
412474,447408,17
412474,2456212,17
413224,428223,17
415094,1437082,17
415522,2676065,17
418237,445017,17
418549,440440,17
420190,431398,17
420190,1906426,17
420190,2825600,17
423689,910971,17
426950,680445,17
428887,3173659,17
431055,5484978,17
431398,1011783,17
431398,1834901,17
431398,2825600,17
433081,1995084,17
434957,1052267,17
435459,505029,17
435551,490759,17
435681,609400,17
439710,912985,17
439903,570454,17
440021,455031,17
441325,1189620,17
441795,446463,17
442837,856033,17
444158,473508,17
444158,5406460,17
447408,2787905,17
448756,1045041,17
448756,1766969,17
450254,454020,17
450273,535072,17
451809,639540,17
454314,513437,17
454819,819737,17
454819,1341333,17
454819,3327631,17
456061,639540,17
456061,2825600,17
458375,4130162,17
458375,6222901,17
458852,579981,17
460350,1693782,17
461137,2319084,17
464103,2825600,17
464145,5309571,17
464463,547508,17
464463,572397,17
464463,1005430,17
464463,1326871,17
465057,1022085,17
465210,663982,17
465986,639540,17
465986,5347009,17
465986,5913436,17
466115,2707764,17
467975,1684650,17
468968,541898,17
468968,1122675,17
468968,5461976,17
473508,2178823,17
473508,2676065,17
473560,4708539,17
477634,506957,17
477634,732821,17
477634,802512,17
477634,1111216,17
477634,1255361,17
483476,571368,17
483551,545324,17
483551,1045041,17
485365,1611373,17
486465,641209,17
488491,4136982,17
488784,669832,17
489770,2661647,17
489770,7024241,17
490650,587829,17
490650,862053,17
491688,544537,17
491688,568633,17
491688,601213,17
491688,625493,17
491713,2720528,17
494201,2668565,17
494845,4179048,17
494845,4230622,17
495436,2917347,17
501004,606711,17
501004,607838,17
502746,642902,17
503164,1857589,17
505323,1844264,17
508912,1833620,17
510278,653349,17
513288,541828,17
513693,1259795,17
516583,571277,17
516583,666372,17
516583,1060659,17
517957,4152575,17
517957,4431164,17
532672,5392441,17
535928,862169,17
535928,2172944,17
535928,2205386,17
535928,2825600,17
538623,2700836,17
541828,2205386,17
541828,2456212,17
541828,2787905,17
545324,1045041,17
551154,1688306,17
552428,3173176,17
555662,3123341,17
557245,601269,17
557245,1018371,17
559882,1052267,17
559882,1326871,17
560468,630046,17
560468,2456212,17
561783,603468,17
562465,862053,17
562465,1014226,17
562465,1114882,17
562465,1569784,17
566659,4708539,17
570700,1020729,17
570700,1449476,17
572397,844255,17
572397,1052267,17
572397,1334965,17
572397,1443016,17
573293,574925,17
574064,1097506,17
577962,5360310,17
579981,5347315,17
585558,1114882,17
585558,1268265,17
595752,3453475,17
603205,609048,17
603205,1693782,17
609048,1535114,17
618006,6715039,17
634308,1601879,17
637165,641209,17
639243,3103469,17
643186,2068565,17
643186,2800234,17
648057,2001434,17
672175,1786256,17
683575,835604,17
688180,798401,17
698791,1152563,17
700073,3946878,17
705549,1406107,17
714353,1377591,17
718380,1266818,17
720030,1833620,17
720030,4201965,17
722637,4534826,17
732027,3405513,17
738732,3403679,17
744631,853622,17
748146,1833620,17
748600,4708539,17
754086,5382554,17
766892,811666,17
774772,5475094,17
781087,1079579,17
781087,1377591,17
793232,2167926,17
804098,1394440,17
819737,960104,17
819737,1341333,17
819737,1342800,17
819737,3327631,17
822163,1275125,17
824805,2096575,17
832392,1326871,17
835604,5619620,17
838466,3279908,17
839408,912985,17
839408,1078306,17
839408,1325561,17
839408,1334965,17
844255,1265961,17
844255,1486939,17
847694,1326871,17
848293,1124299,17
848293,3081437,17
852669,1486939,17
860649,1190925,17
862325,912985,17
862325,2927181,17
888586,2100004,17
892257,3054074,17
899796,4640193,17
907898,5444484,17
932549,3418859,17
951691,2477343,17
960104,1134448,17
960104,1341333,17
960104,1342800,17
960104,3227481,17
960104,3327631,17
972265,1334965,17
978693,5457861,17
981781,1555490,17
1005430,1325561,17
1015201,3541935,17
1038443,5352245,17
1045808,4781317,17
1052267,1902926,17
1068156,1175254,17
1082628,5352245,17
1122675,1256841,17
1124762,5434363,17
1130409,1672475,17
1134448,2358179,17
1140665,5475094,17
1157073,3481561,17
1166760,2997501,17
1166760,3249546,17
1173533,3241939,17
1189620,1645861,17
1197780,1202813,17
1216703,5461976,17
1219728,2007118,17
1222518,4722221,17
1234472,1326871,17
1248818,2464859,17
1251931,4549621,17
1255193,3014098,17
