323390,420190,42
323296,323365,33
296814,361245,32
315615,366256,32
169620,309412,30
315615,363754,30
61967,149912,29
149912,413224,29
284329,284906,29
321545,468369,28
142088,272078,27
295247,513693,27
302957,494845,27
309645,473508,27
399738,425077,27
190787,190992,26
293422,341235,26
299614,344789,26
328664,402813,26
341235,513693,26
345599,414823,26
15433,52802,25
32812,1129308,25
148523,149912,25
283602,288925,25
308579,312962,25
332402,1129308,25
190787,321963,24
191358,329236,24
296693,1011783,24
313210,412474,24
313210,473508,24
319447,444158,24
344789,394512,24
363754,366256,24
399738,420190,24
21786,1129308,23
149912,352574,23
278955,444158,23
285144,399738,23
285757,344004,23
288914,435551,23
293422,296460,23
296693,344789,23
302957,521612,23
310384,320027,23
311941,381205,23
412474,414823,23
149912,325839,22
149912,405007,22
278955,319447,22
283602,402813,22
284329,323390,22
293422,503164,22
308162,464808,22
321982,349686,22
345599,412474,22
29378,392071,21
111142,801917,21
272078,464103,21
278110,313590,21
284906,420190,21
299614,323365,21
301908,313801,21
304469,311286,21
308579,412474,21
310384,312962,21
341235,560468,21
394512,396192,21
431398,483551,21
11382,346524,20
15270,1129308,20
113286,151789,20
141775,1129308,20
149912,501004,20
272078,296460,20
272078,420190,20
278110,323277,20
280618,292401,20
282003,322215,20
284329,420190,20
288543,447408,20
292521,302957,20
300139,513693,20
309645,560468,20
315615,316917,20
361245,513437,20
363754,420633,20
444158,447408,20
451809,464103,20
477634,491688,20
1822816,1823973,20
54334,297378,19
55324,1129308,19
142088,284906,19
166118,350004,19
182836,347230,19
190399,210593,19
248721,546871,19
272078,503164,19
278955,447408,19
291543,339873,19
292521,302927,19
296693,394512,19
299614,394512,19
300139,473508,19
308579,320027,19
312962,414823,19
339307,451809,19
341235,473508,19
341235,503164,19
399738,622397,19
679981,1817603,19
904211,1450060,19
1069,281416,18
9850,1129308,18
15433,26551,18
54334,280244,18
83975,98921,18
84029,88931,18
89345,1325779,18
149912,286258,18
160841,1129308,18
171897,349653,18
191767,323520,18
231473,323520,18
280308,285027,18
284906,323390,18
285144,285671,18
285733,288543,18
288914,451809,18
288925,402813,18
289848,295822,18
295247,300139,18
296693,396192,18
299750,313801,18
302957,535928,18
306771,543182,18
308579,1766969,18
310779,395034,18
312962,320027,18
312962,412474,18
319805,351485,18
323296,396192,18
333167,366256,18
334737,336581,18
373279,447408,18
494845,521612,18
937047,983129,18
8303,200075,17
15433,27574,17
15866,432270,17
29378,302927,17
149912,607838,17
170201,239202,17
171897,1437385,17
182332,216884,17
191358,310508,17
209957,309575,17
232447,263244,17
232488,655294,17
277636,336268,17
282003,366256,17
283602,319447,17
284906,431398,17
285757,288925,17
285757,447408,17
288925,328664,17
292521,313801,17
292521,494845,17
295598,360746,17
295822,357147,17
296693,323365,17
299614,380716,17
299750,302957,17
301024,483551,17
308579,414823,17
310613,315546,17
313590,425077,17
329538,395034,17
334884,1841570,17
340758,376346,17
456061,541828,17
502746,642902,17
702693,707343,17
1197780,1202813,17
57845,320506,16
149912,1058383,16
166947,169620,16
186505,349653,16
189953,309412,16
190992,191767,16
191767,230288,16
278631,285144,16
278955,288925,16
280618,355405,16
282146,333167,16
284329,301024,16
284906,301024,16
285144,622397,16
287502,322951,16
287502,1440697,16
288914,339307,16
288914,464103,16
292521,380716,16
292521,535928,16
293764,296814,16
296814,490759,16
297327,541828,16
299444,369372,16
300139,313210,16
302927,313801,16
305595,412474,16
313801,394512,16
315615,320027,16
316917,320027,16
319805,535751,16
323365,344789,16
345599,1259795,16
380716,1045041,16
395034,412474,16
456556,483285,16
484958,541828,16
535928,1906426,16
594462,1129308,16
745906,747640,16
1423309,1428327,16
1426286,1498578,16
1137,1685347,15
13552,363754,15
20460,306771,15
149912,461914,15
149912,744631,15
166947,355405,15
169620,565376,15
190787,191767,15
232771,401162,15
272078,323390,15
278037,349686,15
278955,288543,15
284906,435551,15
287073,372078,15
295247,341235,15
296814,313801,15
297402,467079,15
299614,302957,15
299614,535928,15
299750,302927,15
299750,361245,15
299750,490759,15
301908,302927,15
302957,313801,15
305595,315615,15
305595,316917,15
306218,490604,15
307171,314870,15
308579,310384,15
308579,315615,15
310779,415522,15
312962,1766969,15
313210,345599,15
313590,399738,15
316964,323649,15
318666,319560,15
319447,332484,15
319607,357295,15
323365,380716,15
323520,489770,15
333167,349686,15
344004,373279,15
344004,484958,15
349653,351485,15
366256,440982,15
388273,541828,15
415522,622397,15
444082,451949,15
456061,490759,15
477634,516583,15
513693,560468,15
610936,630896,15
623323,679121,15
649679,651705,15
671437,772189,15
688291,688631,15
729930,743932,15
801109,821261,15
1438922,1463238,15
1450530,1457418,15
1638808,1696794,15
10246,323365,14
15433,26396,14
15433,43387,14
21786,32812,14
32812,55324,14
142088,435551,14
149912,428223,14
168947,821781,14
169620,189953,14
171327,292880,14
186505,187711,14
189845,332687,14
202607,210719,14
217478,641799,14
231473,907898,14
238612,912985,14
272078,451809,14
278339,284906,14
282003,300847,14
282146,328664,14
284329,483551,14
284906,483551,14
285733,296814,14
285757,373279,14
285757,456061,14
288543,373279,14
289365,295453,14
291543,669474,14
292521,323296,14
293170,360899,14
293422,293764,14
293422,329538,14
293764,296460,14
293918,305319,14
295822,415094,14
296460,341235,14
296460,451809,14
297327,344004,14
297327,513437,14
297378,330874,14
300139,309645,14
300139,345599,14
301908,394512,14
302387,609400,14
305595,310384,14
309645,341235,14
310299,458852,14
310779,412474,14
313590,415522,14
319363,331285,14
319447,746074,14
320506,846477,14
322215,363754,14
323292,399473,14
323296,1045041,14
328265,390971,14
329538,341235,14
341235,464103,14
349219,472616,14
354653,905028,14
356628,1459596,14
381431,694422,14
392071,394512,14
396192,1011783,14
399738,415522,14
413224,501004,14
452449,663196,14
473508,513693,14
477634,490650,14
477634,653349,14
521612,535928,14
551743,1036789,14
649884,756290,14
678260,688563,14
721697,909352,14
743932,759052,14
744791,769400,14
818542,871776,14
928418,928749,14
938569,975797,14
962071,1271970,14
1036789,1328913,14
1325306,1378383,14
1424487,1437745,14
1683041,1719121,14
11559,295247,13
11559,330874,13
13552,304286,13
21786,332402,13
29378,292521,13
29378,394512,13
52523,1047273,13
57845,301908,13
61359,799710,13
99835,1265133,13
125466,315615,13
141775,332402,13
142088,323390,13
142088,464103,13
149912,247226,13
149912,461184,13
149912,479137,13
149912,606711,13
166947,292401,13
169620,1452408,13
171897,1507211,13
182927,646877,13
186505,282275,13
186505,351485,13
187278,371179,13
187711,1535340,13
189073,307538,13
190179,296382,13
191342,310508,13
192810,526429,13
209278,322808,13
224909,443485,13
230288,1696023,13
272078,393966,13
277636,313801,13
277821,282275,13
277821,355405,13
278339,431398,13
278341,332687,13
278877,322215,13
278955,283602,13
278955,306771,13
285377,303398,13
289777,321463,13
289777,375833,13
291793,330054,13
292521,541828,13
293422,513693,13
293764,313801,13
295247,560468,13
296693,297378,13
296814,494845,13
297327,361245,13
299750,494845,13
299750,521612,13
300847,456061,13
301024,435551,13
302927,302957,13
302927,320506,13
302957,320506,13
306771,319447,13
308067,630568,13
313590,1011783,13
313801,494845,13
315615,349686,13
315615,393019,13
319471,380740,13
322215,420633,13
323277,431398,13
323365,394512,13
327782,342260,13
328664,363754,13
332994,412344,13
335339,386176,13
341235,451809,13
344004,392071,13
345599,473508,13
350800,625215,13
367139,378050,13
380716,535928,13
394649,791817,13
399738,503164,13
401162,739530,13
401162,1309115,13
401162,1823501,13
405007,413224,13
407036,471874,13
408040,417912,13
415522,431398,13
425077,622397,13
426895,467410,13
428509,446741,13
438734,540498,13
442837,856033,13
447408,484958,13
462521,803468,13
463970,471499,13
477558,1055813,13
484894,988113,13
490759,494845,13
503046,567594,13
513693,1259795,13
608165,665331,13
610172,1440460,13
613270,1264457,13
618968,649813,13
628240,630896,13
630046,653921,13
635164,752086,13
635164,777780,13
653288,978949,13
657961,665753,13
659200,665328,13
677024,678260,13
702747,722695,13
721697,1564023,13
721697,1886086,13
752086,777780,13
754411,759964,13
758260,766340,13
766162,828092,13
766162,843608,13
784217,784223,13
825037,912984,13
828092,843608,13
841812,874710,13
854699,1469508,13
866818,1640702,13
904893,954331,13
909352,1564023,13
909352,1886086,13
921861,1141330,13
941729,941749,13
977586,1178964,13
994207,1070218,13
1036012,1069562,13
1041563,1072356,13
1056858,1061099,13
1142563,1436522,13
1203342,1749546,13
1231276,1329449,13
1263884,2145014,13
1305808,1402545,13
1395172,1440460,13
1397072,1435426,13
1426142,1507072,13
1441306,1466362,13
1449356,1477342,13
1455895,1464176,13
1506036,1564876,13
1535340,1815640,13
1564023,1886086,13
1636654,1645432,13
1683041,1708155,13
1918,187278,12
6370,412474,12
11559,297378,12
11559,393966,12
13552,282146,12
13552,1045221,12
13552,1496715,12
15140,199784,12
15270,32812,12
15270,141775,12
15433,61967,12
15433,128979,12
16060,408188,12
17036,591915,12
21244,278305,12
21786,55324,12
23049,303850,12
27296,1129308,12
29378,639540,12
32812,160841,12
33669,464463,12
38018,899391,12
48464,582935,12
48464,591979,12
48464,598677,12
57845,494845,12
61967,325839,12
61967,405007,12
96827,149912,12
99856,744219,12
112328,425077,12
125466,363754,12
142088,288914,12
142088,503164,12
148523,461914,12
149912,265871,12
149912,559787,12
152284,1144888,12
165063,423778,12
165408,297365,12
166112,300779,12
166361,1450530,12
166947,309412,12
170201,1352057,12
171244,322951,12
182927,1487130,12
184486,349575,12
186380,408040,12
186505,1750748,12
188396,1462858,12
189929,1886086,12
191767,489770,12
191979,479546,12
202258,407795,12
209957,217478,12
210385,210719,12
210593,216884,12
216730,1203342,12
224702,1827782,12
230247,907898,12
260907,717123,12
260907,762528,12
266550,322215,12
272078,435551,12
278110,425077,12
278339,284329,12
278631,399738,12
278955,393019,12
279754,353379,12
282003,399738,12
283602,332484,12
284329,285671,12
284329,311941,12
284788,334564,12
285027,314724,12
285733,431398,12
292521,296814,12
292521,490759,12
292521,639540,12
293299,394171,12
293422,295247,12
294195,294743,12
295247,329538,12
296142,298158,12
296460,395034,12
296460,503164,12
296814,299750,12
297327,300847,12
298006,336641,12
299614,301908,12
299614,313801,12
299750,320506,12
300779,302347,12
300885,549917,12
301908,314481,12
302927,543182,12
303414,305779,12
304286,327142,12
304469,315016,12
305595,308579,12
305595,341235,12
305595,345599,12
305595,1259795,12
306771,402813,12
308579,327142,12
309645,310779,12
309645,393966,12
309645,395034,12
310613,327845,12
310779,535928,12
312962,345599,12
313590,934700,12
313590,1045041,12
313801,333807,12
314481,394512,12
315615,392071,12
316442,372956,12
316917,393966,12
317629,676309,12
317906,439766,12
319471,336421,12
321963,356431,12
322215,440982,12
322215,642343,12
323365,336268,12
323365,414730,12
323365,535928,12
323365,1045041,12
323634,594679,12
323634,633827,12
326361,376178,12
329236,461137,12
329236,496160,12
329538,393966,12
332029,350328,12
333167,420633,12
334884,535751,12
335165,564420,12
336421,380740,12
339873,395392,12
341235,559600,12
341235,1259795,12
344004,447408,12
344004,456061,12
344789,380716,12
357236,606790,12
361245,490759,12
369487,481947,12
381870,566659,12
388273,484958,12
394330,460305,12
397142,464463,12
401162,1296758,12
402813,420633,12
402813,746074,12
403993,407123,12
407049,600399,12
413224,461184,12
416042,436538,12
425077,1096313,12
429006,458622,12
438224,1659761,12
456743,837016,12
462610,916292,12
465357,1433633,12
469763,537866,12
477634,562465,12
494845,541828,12
501964,508912,12
503164,513693,12
513693,1274447,12
520577,1985394,12
528575,613270,12
543147,1443934,12
543182,652476,12
558159,581868,12
567336,1647385,12
568672,570402,12
580033,591979,12
580143,633324,12
582935,591979,12
582935,598677,12
584607,665463,12
584607,708317,12
585472,608252,12
591979,598677,12
608165,618968,12
610172,1395172,12
635164,824688,12
635164,836308,12
652382,652534,12
670854,718460,12
677024,688563,12
687992,1449289,12
688195,735512,12
689084,699420,12
702066,718584,12
715549,760812,12
715549,1428095,12
715549,1487130,12
721697,845363,12
721697,1395172,12
721697,1397072,12
721697,1690430,12
721697,1854099,12
725945,739842,12
743932,765033,12
752086,836308,12
756506,763393,12
757380,1190884,12
763920,1487130,12
764621,1488637,12
766162,777780,12
777780,789128,12
783399,806409,12
783940,824064,12
806216,912476,12
811744,946853,12
812392,1487227,12
819814,1578765,12
823467,963588,12
831608,867489,12
845363,909352,12
845363,1397072,12
845363,1886086,12
852225,1014466,12
854699,865895,12
858297,959601,12
891634,1827782,12
896652,1455895,12
900050,928163,12
902004,989249,12
905246,916602,12
909352,949217,12
909352,1397072,12
909352,1690430,12
909352,1854099,12
911685,991072,12
914673,1015172,12
928163,1308303,12
928163,1459518,12
928163,1520877,12
932795,1069562,12
935233,1103667,12
938569,1327808,12
941449,1107858,12
962071,1448173,12
980668,1061099,12
985165,1086377,12
1000064,1706246,12
1006468,1011253,12
1020434,1271970,12
1036789,1321494,12
1036789,1357324,12
1036789,1388595,12
1042467,1144926,12
1070218,1722243,12
1086377,1854099,12
1096313,1104369,12
1107858,1110709,12
1107858,1485305,12
1194232,1665240,12
1203342,1462858,12
1243254,1301931,12
1258899,1291004,12
1271970,1448173,12
1284732,1441627,12
1309115,1471837,12
1322843,1331790,12
1324107,1325525,12
1324360,1338542,12
1333146,1849767,12
1378608,1388611,12
1395172,1886086,12
1410037,1645839,12
1421225,1473632,12
1423638,1428149,12
1423880,1429000,12
1424326,1424547,12
1424954,1472855,12
1426155,1438139,12
1434771,1453019,12
1440697,1640652,12
1447211,1537447,12
1451122,1478107,12
1455895,1567488,12
1455895,1653875,12
1467397,1503880,12
1474928,1499395,12
1479865,1683041,12
1479865,1708155,12
1640154,1659056,12
1653875,1719121,12
1672067,1681923,12
1683041,1691129,12
1683041,1722003,12
1804667,1817909,12
1823501,1830869,12
1857614,1982521,12
5539,936351,11
5539,1515858,11
5937,340974,11
5937,837016,11
6711,184486,11
9850,594462,11
10246,431398,11
10295,328774,11
10475,1189904,11
11177,920822,11
11559,560468,11
13180,222144,11
13351,346524,11
13552,300847,11
13552,332484,11
13552,440982,11
14548,653288,11
15270,21786,11
15270,332402,11
15363,331896,11
16117,867012,11
21786,141775,11
21786,594462,11
22343,531853,11
24399,1091669,11
26118,323365,11
29117,324834,11
29683,1434686,11
32812,141775,11
32812,332402,11
42575,1817909,11
45076,1434073,11
45076,1487227,11
48464,407049,11
48464,581224,11
48464,600399,11
50452,473508,11
50998,1049395,11
55324,332402,11
57246,280812,11
57845,302927,11
59475,1374133,11
61967,148523,11
67551,403973,11
70290,908378,11
70321,715958,11
70321,979355,11
70321,980668,11
70321,1061099,11
70991,959181,11
74268,323634,11
74268,594679,11
74268,633827,11
74268,638382,11
79260,650991,11
90848,1444072,11
96791,1042717,11
101485,395034,11
107957,471403,11
108567,1129308,11
123708,1425927,11
123708,1455895,11
123708,1459166,11
123708,1519876,11
136200,896652,11
136200,1455895,11
138946,557603,11
140185,1438139,11
142088,298471,11
142640,314507,11
146684,1518628,11
149912,402078,11
149912,427693,11
149912,446357,11
152538,196774,11
152538,580033,11
152538,591979,11
152538,608136,11
165362,220552,11
172781,1447892,11
175381,322215,11
176618,191720,11
177058,1427153,11
179578,207275,11
179892,1276110,11
181714,355644,11
182894,219216,11
182927,893124,11
182927,1428095,11
182927,1434771,11
182927,1443670,11
182927,1452117,11
182927,1457005,11
186465,405129,11
186465,522052,11
186565,270133,11
186790,325296,11
188396,1203342,11
189929,721697,11
189929,909352,11
189929,1086377,11
189929,1395172,11
189929,1397072,11
189929,1854099,11
189953,565376,11
190787,196231,11
190787,230288,11
190992,209957,11
191632,224702,11
191879,991072,11
192284,460974,11
196774,323634,11
196774,591979,11
199072,261604,11
200772,1333146,11
202258,400477,11
205558,608136,11
208168,306771,11
208214,229151,11
209897,221839,11
213766,1000605,11
213766,1258899,11
214242,1446106,11
214363,1447593,11
216433,503046,11
217478,348472,11
221582,663605,11
222655,920167,11
224149,648468,11
224702,631764,11
226477,1433772,11
226477,1457476,11
230247,231473,11
231473,232488,11
237011,1326575,11
248721,298670,11
248721,496160,11
260907,778336,11
270454,997551,11
272078,288914,11
277821,309412,11
277821,319805,11
278110,527935,11
278339,425077,11
279812,307992,11
280244,293764,11
280664,308577,11
282146,283602,11
282146,332484,11
282146,420633,11
283602,328664,11
283697,403562,11
284329,891090,11
284598,290406,11
284635,289365,11
285671,323390,11
285671,447408,11
285680,286375,11
285733,300885,11
285733,484958,11
285754,298471,11
285757,300847,11
286188,802390,11
287008,334767,11
288925,332484,11
292326,482772,11
292521,392071,11
292521,521612,11
292880,338737,11
293422,381205,11
293569,343730,11
293764,503164,11
294361,305834,11
295247,447408,11
295247,739530,11
295499,587648,11
295499,1487130,11
295585,301538,11
295981,1422626,11
296460,1618778,11
296814,297327,11
296814,388273,11
296814,1834901,11
297378,298471,11
298186,399847,11
298670,496160,11
299614,299750,11
299614,323296,11
299614,1857589,11
300779,1651033,11
300847,344004,11
301024,336268,11
301024,431398,11
301024,469565,11
301341,533519,11
301908,344789,11
301908,349686,11
301908,392071,11
302927,535928,11
302927,916232,11
303151,465091,11
304286,560468,11
305595,313210,11
305595,320027,11
306621,1444724,11
306621,1854099,11
308577,313967,11
308977,372956,11
309006,319560,11
309169,312471,11
309645,513693,11
309645,763416,11
310234,468369,11
310384,316917,11
310779,313590,11
310779,330874,11
311941,344789,11
312962,327142,11
313210,1259795,11
313590,1080616,11
313590,1108993,11
313801,314481,11
313801,344789,11
313801,392071,11
314481,396192,11
315615,322215,11
315615,646877,11
315615,1740776,11
315666,1604018,11
316483,408777,11
317459,803482,11
317906,1432755,11
318460,721697,11
318460,845363,11
318460,909352,11
318460,1397072,11
318460,1886086,11
318480,565376,11
319471,783985,11
322215,333167,11
322215,366256,11
323292,345599,11
323292,412474,11
323296,414730,11
323296,697157,11
323296,1322539,11
323365,332484,11
323365,396192,11
323365,431398,11
323390,393966,11
323390,483551,11
323390,503164,11
323390,646514,11
325104,1683041,11
327491,557901,11
327782,1108728,11
329538,513693,11
329538,559600,11
332484,344789,11
332484,729974,11
332484,1045041,11
332935,1291004,11
335907,1055813,11
336268,483551,11
336924,777656,11
336924,813447,11
337325,337890,11
338702,352757,11
339307,425077,11
339307,464103,11
340283,388719,11
344004,541828,11
344689,350940,11
346375,858001,11
348357,414767,11
348472,356431,11
349686,496204,11
352574,405007,11
353414,428454,11
353502,372188,11
356107,388012,11
356236,594679,11
358975,496160,11
361905,522052,11
363725,419702,11
365045,1824776,11
366256,393019,11
374285,381017,11
377306,414767,11
380716,394512,11
380716,494845,11
388095,601249,11
388095,608136,11
392862,452449,11
392862,663196,11
393019,447408,11
393966,560468,11
394330,618510,11
394330,946849,11
394330,962896,11
394831,405899,11
395034,503164,11
396192,545324,11
397468,1309115,11
399738,653288,11
400477,544278,11
401162,1312052,11
401162,1333146,11
401162,1832012,11
401515,935233,11
401515,938454,11
401515,1098499,11
402813,730326,11
403562,418549,11
405007,479137,11
405565,442837,11
407036,486257,11
407049,480984,11
407049,582935,11
407049,591979,11
407049,598677,11
407049,616253,11
415522,425077,11
415849,416042,11
420190,425077,11
420190,503164,11
425077,1104369,11
431398,639540,11
437811,1107858,11
438734,527872,11
438734,556248,11
438734,565246,11
439156,611009,11
439766,456901,11
439766,1432755,11
442178,905969,11
447131,639009,11
453416,717123,11
456061,484958,11
456743,900050,11
456743,928163,11
456901,1432755,11
456901,1444724,11
458320,468059,11
458352,460175,11
459101,459436,11
460254,526429,11
460305,629059,11
460305,878586,11
460305,962896,11
462610,694242,11
465093,473572,11
467150,861549,11
467464,512377,11
468021,504938,11
469424,1269359,11
470947,473209,11
473502,488341,11
475738,721697,11
475738,909352,11
475738,1086377,11
475738,1854099,11
475738,1886086,11
477558,974296,11
477634,641209,11
480984,503046,11
480984,600399,11
481297,541114,11
484156,620803,11
489816,547125,11
491228,608329,11
494845,630046,11
496374,1501574,11
496441,530510,11
500028,543182,11
501509,551154,11
503046,554921,11
503164,560468,11
504507,657349,11
513028,541724,11
520545,643909,11
520577,825284,11
521410,551993,11
522052,526491,11
528494,535137,11
528494,573345,11
528575,1205511,11
530757,559582,11
532821,991461,11
532821,1063334,11
535928,1045041,11
538345,573345,11
539674,590376,11
540498,565246,11
542194,581614,11
543300,697206,11
545654,552694,11
548082,565666,11
549788,619755,11
551743,1328913,11
556965,1827782,11
557901,974432,11
557901,1189904,11
560501,1167051,11
565355,636975,11
577245,598677,11
580033,592355,11
581777,598677,11
581868,627857,11
582935,600399,11
584435,1160870,11
584607,682154,11
584607,688291,11
584607,700923,11
584607,705417,11
587648,1434771,11
587648,1487130,11
591979,608136,11
594679,633827,11
598677,600399,11
600098,616599,11
600399,616253,11
602840,1315523,11
603360,1659056,11
603888,1036279,11
603888,1490704,11
605935,610172,11
608054,629445,11
608165,649813,11
608651,721697,11
609297,618706,11
612634,786069,11
612634,846599,11
613270,979327,11
613270,1258513,11
613270,1264734,11
614523,614916,11
618510,917413,11
618510,946849,11
618510,962896,11
618968,673684,11
620476,1212732,11
621703,635490,11
624970,645335,11
626052,642343,11
626278,678965,11
626464,643544,11
627857,649386,11
627857,670138,11
627857,674331,11
628373,648468,11
628737,920283,11
629059,878586,11
629059,914278,11
632796,652382,11
632796,652534,11
638797,1036789,11
641708,739924,11
644198,681502,11
648550,690875,11
649813,673684,11
655170,700923,11
656093,674331,11
657961,1426142,11
657961,1488637,11
665463,688291,11
665463,708317,11
666591,1055813,11
675249,729715,11
679981,1861196,11
679981,1875736,11
682154,688291,11
683337,706660,11
688291,691343,11
690884,1101329,11
690927,708317,11
694242,916292,11
697206,1250310,11
700923,708511,11
701562,765297,11
701725,892293,11
705417,708317,11
712192,752114,11
715549,763920,11
715549,770694,11
715549,1452117,11
715958,980668,11
715958,1061099,11
715958,1069562,11
717123,762528,11
717123,778336,11
717345,928163,11
717713,801090,11
717921,1338886,11
718869,1205511,11
718869,1291004,11
721697,899391,11
721697,1086377,11
721697,1322539,11
729715,743932,11
729715,747640,11
729715,765033,11
730453,760812,11
730453,1434771,11
733245,1682708,11
738528,759052,11
741710,743941,11
743650,761415,11
745906,759052,11
747734,765880,11
752086,772875,11
752086,772912,11
752086,774393,11
752086,824688,11
759565,1444724,11
763393,1430245,11
764621,1421225,11
767650,851679,11
770694,1485305,11
771836,776297,11
776297,779067,11
777197,962896,11
777456,787299,11
777656,813447,11
777780,792875,11
777780,824688,11
777780,836308,11
780455,906350,11
782913,825949,11
786069,846599,11
786386,859250,11
793308,1537447,11
793308,1753488,11
807209,854868,11
818542,878612,11
818542,982790,11
818542,1185774,11
818542,1557963,11
818542,1817627,11
818542,1897883,11
821261,824688,11
822573,876940,11
824688,836308,11
825344,906209,11
825344,963945,11
829720,855433,11
829942,905246,11
830801,869818,11
837016,897700,11
837016,900050,11
845363,1564023,11
845363,1854099,11
848728,853518,11
848728,917413,11
851480,1437467,11
853518,917413,11
853805,1453428,11
855213,878416,11
863942,927907,11
865895,1469508,11
866531,889786,11
867012,929469,11
867489,1833001,11
868042,980189,11
868042,1659056,11
873865,876324,11
874710,1042857,11
878416,962071,11
878416,1271970,11
878612,1904198,11
879998,934700,11
879998,936972,11
887713,978773,11
888336,915038,11
890263,1719121,11
891090,1000064,11
892910,1743630,11
893124,914019,11
894574,1329181,11
896652,906168,11
896652,1464176,11
896652,1673537,11
899391,909352,11
899468,1311460,11
900050,1459518,11
900050,1477163,11
900050,1485579,11
901258,989249,11
903091,976310,11
904893,912364,11
904893,943443,11
904893,1246982,11
904893,1324729,11
904893,1641895,11
906711,928749,11
906711,934700,11
906711,1093748,11
906862,914278,11
909352,1086377,11
909352,1322539,11
909791,946365,11
914788,946498,11
915417,963290,11
916265,944066,11
919793,920283,11
920283,974841,11
920283,981826,11
920283,1141330,11
921967,1273276,11
927907,928418,11
928163,981758,11
928163,1445227,11
928749,934700,11
928749,935797,11
928749,1080616,11
929990,945890,11
930688,1333146,11
934700,935797,11
934700,936972,11
934700,1065177,11
934700,1093748,11
935233,935797,11
935233,1491135,11
938461,1101420,11
941212,1439789,11
942292,964404,11
942292,980668,11
942292,1061099,11
946153,946498,11
946849,1047948,11
949217,1564023,11
951403,1160788,11
955295,1639505,11
961080,993570,11
962071,1061983,11
963119,1101329,11
974296,1055813,11
974432,1189904,11
975960,999405,11
989431,1291004,11
995232,999143,11
995346,1258899,11
997551,1252037,11
999143,1258899,11
1000064,1306674,11
1000064,1351316,11
1000064,1448367,11
1000064,1462858,11
1000064,1855983,11
1000605,1258899,11
1000605,1291004,11
1001307,1055813,11
1005411,1258513,11
1015891,1021065,11
1033502,1501574,11
1034301,1841546,11
1036789,1292169,11
1036789,1324360,11
1036789,1338542,11
1036789,1340650,11
1036789,1383772,11
1036789,1384449,11
1036789,1394369,11
1036789,1450398,11
1037333,1085148,11
1039351,1458278,11
1061099,1069562,11
1061099,1070717,11
1061983,1271970,11
1061983,1448173,11
1070218,1519876,11
1070218,1821530,11
1086377,1397072,11
1086377,1690430,11
1086377,1886086,11
1095960,1440288,11
1097743,1258899,11
1098499,1104369,11
1107858,1458278,11
1121342,1130463,11
1142708,1765947,11
1145562,1699185,11
1148024,1438072,11
1152753,1167400,11
1167613,1736438,11
1179196,1378383,11
1179196,1455895,11
1180813,1231208,11
1183866,1337202,11
1187828,1886086,11
1189904,1200473,11
1189904,1246802,11
1203342,1231462,11
1203342,1828310,11
1203342,1858408,11
1205511,1254948,11
1205511,1258513,11
1231462,1448367,11
1231462,1888124,11
1242345,1269711,11
1244661,1266911,11
1247067,1258899,11
1248826,1266510,11
1254948,1258513,11
1257627,1333146,11
1264457,1264734,11
1267732,1269542,11
1269542,1290460,11
1276080,1277779,11
1296758,1823501,11
1308303,1459518,11
1309115,1318804,11
1309115,1368407,11
1310451,1371749,11
1313057,1668212,11
1315423,1325762,11
1316019,1520877,11
1321494,1371749,11
1324360,1328913,11
1324360,1357324,11
1324360,1388595,11
1327095,1370518,11
1328913,1338542,11
1328913,1357324,11
1328913,1384449,11
1328913,1388595,11
1331078,1333905,11
1332623,1886086,11
1333146,1391010,11
1337221,1355099,11
1338542,1357324,11
1338542,1388595,11
1339373,1371001,11
1339373,1383772,11
1339373,1459596,11
1340650,1357324,11
1357324,1371001,11
1357324,1383772,11
1357324,1388595,11
1368248,1847606,11
1368399,1393157,11
1371973,1391045,11
1378383,1455895,11
1379735,1397868,11
1388595,1395608,11
1388595,1457282,11
1391010,1518628,11
1393157,1472285,11
1393949,1444724,11
1395172,1397072,11
1397072,1564023,11
1397072,1886086,11
1421289,1432920,11
1421754,1422186,11
1422626,1935467,11
1423309,1452968,11
1423309,1719121,11
1423967,1442007,11
1424547,1429863,11
1424547,1433403,11
1424547,1438139,11
1425546,1438139,11
1425927,1519876,11
1426142,1488637,11
1426155,1442007,11
1428095,1452117,11
1431188,1822816,11
1431818,1448367,11
1433077,1441424,11
1434771,1469981,11
1435029,1438139,11
1437741,1485426,11
1438139,1442007,11
1438752,1448173,11
1440205,1473632,11
1442007,1446971,11
1444442,1444724,11
1444724,1463238,11
1444909,1447593,11
1446038,1638191,11
1447211,1475801,11
1449289,1485426,11
1450931,1457005,11
1452117,1487130,11
1453075,1469779,11
1455895,1488226,11
1464176,1691129,11
1464176,1719121,11
1477817,1980612,11
1479865,1570624,11
1479865,1691129,11
1483697,1519876,11
1487130,1526654,11
1491125,1519662,11
1507211,1823973,11
1518628,1849767,11
1554261,1784596,11
1564023,1690430,11
1564023,1854099,11
1570624,1683041,11
1570624,1690232,11
1570624,1708155,11
1622630,1683041,11
1640744,1651352,11
1690232,1708155,11
1690430,1854099,11
1690430,1886086,11
1691129,1708155,11
1691129,1719121,11
1708155,1719121,11
1817603,1861196,11
1817603,1875736,11
1828310,1858408,11
1832195,1833001,11
1854099,1886086,11
1884379,1899399,11
483,969333,10
928,149898,10
1709,15433,10
1804,584607,10
3895,225206,10
4831,184432,10
5641,160338,10
5937,456743,10
5937,756506,10
5937,897700,10
6370,40095,10
6588,365424,10
6711,404898,10
6939,1070081,10
7210,715549,10
7210,1433839,10
8015,1000064,10
9273,1438922,10
9498,464463,10
9850,21786,10
10246,296693,10
10475,1000779,10
10475,1199094,10
11559,395034,10
13212,1237188,10
13552,288925,10
13552,305595,10
15358,866409,10
15363,310508,10
15433,129346,10
15607,772875,10
15871,17060,10
17949,1119166,10
17949,1834901,10
17949,1860261,10
18122,528920,10
18130,295247,10
18234,1832012,10
18654,21386,10
18707,325971,10
19709,370899,10
21890,210217,10
21986,1129308,10
23949,26971,10
24065,303558,10
24399,714353,10
24743,1051278,10
26118,925485,10
26118,1427185,10
26408,81344,10
26408,639009,10
26484,285671,10
26903,292521,10
26903,302927,10
26903,841785,10
26903,911685,10
26903,991072,10
27084,682239,10
28362,74641,10
29092,133034,10
29378,396192,10
29378,535928,10
29756,286989,10
30956,919793,10
30956,1132679,10
30956,1176499,10
32764,1425646,10
33541,494845,10
34015,821146,10
35375,68608,10
35780,1051829,10
36505,820807,10
37678,1443281,10
38018,1886086,10
38428,938689,10
38428,1011783,10
39220,905181,10
40833,696870,10
44328,1309589,10
44328,1314860,10
44428,72147,10
45962,703139,10
46801,74268,10
46801,609125,10
46801,612517,10
46801,628240,10
46801,630896,10
46801,638382,10
47627,908378,10
47938,1426068,10
48319,125477,10
48319,1218287,10
48464,152538,10
48464,194013,10
48464,577245,10
48464,580033,10
48464,581777,10
48464,602428,10
48464,607350,10
48464,616253,10
50155,1490773,10
50452,950537,10
50823,295847,10
50823,904893,10
50823,912364,10
54334,560468,10
54354,1148024,10
54354,1438072,10
57171,914788,10
57246,504202,10
57514,836295,10
57845,302957,10
58466,747734,10
60551,837190,10
60551,1262613,10
60707,332484,10
61967,286258,10
61967,413224,10
62162,978506,10
62510,513064,10
64821,345599,10
65076,1519876,10
66227,557901,10
66227,1199094,10
66348,1322956,10
67768,323365,10
67768,708963,10
68574,219857,10
68659,945890,10
70321,942292,10
72793,906168,10
74148,787518,10
74268,361000,10
74268,613520,10
74268,615223,10
74268,630896,10
74268,641015,10
74641,497233,10
74641,1489004,10
75405,1377724,10
76097,1519876,10
77413,812631,10
79260,791651,10
79379,657961,10
79379,665753,10
79379,1426068,10
79379,1426142,10
79379,1465009,10
79379,1473632,10
79379,1488637,10
79748,722695,10
79748,1519876,10
79748,1584399,10
82365,756506,10
82844,527592,10
83491,365045,10
83491,1109801,10
83491,1807138,10
89382,1642847,10
89766,330818,10
90848,702140,10
90848,1432920,10
90848,1436977,10
94516,762474,10
94689,494845,10
95460,1421196,10
97077,1436748,10
97421,310234,10
99856,556965,10
99856,1414665,10
99856,1759839,10
100602,1335286,10
100766,296460,10
102097,297483,10
102659,182927,10
102659,730453,10
102659,1434771,10
104619,901200,10
106119,218942,10
107742,280562,10
107957,1421605,10
107957,1444442,10
108567,141775,10
112328,1108993,10
113286,285557,10
113492,1312052,10
113492,1821848,10
113535,238612,10
113982,1659056,10
116759,342719,10
122447,1414665,10
122447,1827782,10
123708,179892,10
123708,1070218,10
123708,1333193,10
123708,1488226,10
123900,1132548,10
129382,799845,10
134525,1392936,10
135360,927907,10
135360,938454,10
135360,1057988,10
136200,1681511,10
136930,341235,10
140185,904893,10
140185,912364,10
142088,420190,10
143759,557323,10
146684,1496715,10
146684,1817094,10
148523,352574,10
149654,864730,10
149898,1334965,10
149912,256345,10
149912,569032,10
149912,577589,10
149912,746324,10
149912,913467,10
149912,1194924,10
151789,214803,10
152538,194013,10
152538,323634,10
152538,388095,10
152538,592355,10
153141,1471232,10
154776,1230121,10
158463,572810,10
158967,1153414,10
160841,332402,10
161027,1421359,10
161027,1438139,10
165409,464463,10
166025,649967,10
166025,1306369,10
166025,1308223,10
166047,783658,10
169620,293918,10
169620,318480,10
170201,264053,10
171244,295981,10
171363,584607,10
171812,1521737,10
171897,322951,10
173423,196333,10
174976,239980,10
176365,1203342,10
178177,706712,10
178381,213279,10
178505,1339373,10
178505,1383772,10
179276,350858,10
179892,1459166,10
179892,1519876,10
181040,372687,10
182039,1182647,10
182927,470947,10
182927,587648,10
182927,730453,10
182927,763920,10
182927,907063,10
182927,1450727,10
182927,1503327,10
182927,1526654,10
183882,354122,10
186380,401192,10
186380,417912,10
186465,334445,10
187278,291863,10
187711,1640652,10
187711,1823973,10
188396,530757,10
188396,945321,10
188396,1368466,10
188396,1858408,10
189073,1675900,10
189929,318460,10
189929,985165,10
189929,1187828,10
189929,1322539,10
189929,1332623,10
189929,1564023,10
189929,1690430,10
189929,1836875,10
190180,297385,10
190399,216884,10
190787,344001,10
190787,356431,10
190992,327782,10
191632,198673,10
191632,224479,10
191632,1112588,10
191632,1233300,10
191632,1543584,10
191767,206045,10
191767,1696023,10
191979,457071,10
192095,224702,10
192173,226374,10
192284,224702,10
192284,460320,10
192295,297327,10
192447,427391,10
192500,349575,10
192500,512377,10
192501,225810,10
192501,457071,10
194013,407049,10
194013,582935,10
194013,591979,10
194013,598677,10
194013,600399,10
194016,561999,10
194187,650830,10
195387,229151,10
196440,1813150,10
196440,1827782,10
196774,388095,10
196774,580033,10
196774,592355,10
196774,608136,10
197328,323824,10
197973,691642,10
198091,825700,10
198666,203044,10
199631,396192,10
199784,488491,10
200772,319459,10
200772,608563,10
200772,797074,10
200772,1257627,10
200772,1518628,10
200772,1639767,10
200772,1832012,10
200772,1849767,10
202258,544278,10
202303,630046,10
202895,309575,10
205100,470668,10
205558,323634,10
205558,356236,10
205558,361000,10
205558,388095,10
205558,607350,10
206749,686532,10
207275,362398,10
209278,217478,10
212566,1424547,10
213036,1070218,10
213766,546785,10
213766,995346,10
213766,999143,10
213766,1097743,10
213766,1207514,10
213766,1291004,10
213810,1657831,10
213875,531853,10
214363,628834,10
214363,1444909,10
214363,1455895,10
216433,480984,10
216433,567594,10
216730,1749546,10
217262,557901,10
217262,585463,10
217262,1042287,10
217478,321963,10
217478,356431,10
217662,442444,10
219207,219575,10
219471,473511,10
219857,481947,10
220230,223462,10
220503,682239,10
220552,615223,10
220713,635075,10
222644,676318,10
222988,223772,10
223415,1070218,10
223462,472077,10
224149,628373,10
224453,913920,10
224479,224702,10
224486,727020,10
224486,1014164,10
224702,461379,10
224702,699976,10
224702,1730915,10
224909,470977,10
224984,528494,10
225570,1282693,10
228822,752086,10
229808,405129,10
230288,348472,10
230663,925215,10
232775,674161,10
232775,759052,10
234032,342546,10
234032,360296,10
238612,721279,10
239202,264053,10
239202,1352057,10
239206,1063334,10
243718,1000746,10
244834,987656,10
244834,999405,10
244834,1121800,10
244834,1169075,10
245656,633324,10
248721,458852,10
258296,541828,10
258296,1434989,10
260907,453416,10
260907,671437,10
260907,768654,10
264053,1352057,10
264174,494845,10
266550,345599,10
272078,339307,10
272078,399738,10
276169,401162,10
276169,617383,10
276169,729082,10
276169,797074,10
276169,1333146,10
276169,1832012,10
277434,606790,10
278197,297365,10
278305,1768738,10
278339,301024,10
278339,314481,10
278622,287581,10
278631,280244,10
278631,415522,10
278767,319363,10
278877,288543,10
278955,285733,10
278955,742572,10
279850,1306594,10
280308,293918,10
280618,1750748,10
282003,363754,10
282003,364680,10
282146,444158,10
282275,314724,10
284635,295453,10
284906,650335,10
284906,891090,10
285733,344004,10
285733,388273,10
285733,444158,10
285754,464103,10
285757,288543,10
287502,1822816,10
287581,288700,10
288543,444158,10
288543,484958,10
288925,300847,10
288925,560468,10
288945,618516,10
289233,383409,10
289777,299925,10
290406,292437,10
292246,299902,10
292326,324842,10
292437,300137,10
292521,524118,10
292521,543182,10
292521,788523,10
292521,841785,10
292521,911685,10
292521,916232,10
292521,953280,10
292521,991072,10
292521,1225009,10
293654,301576,10
293918,535751,10
294015,360625,10
294195,309169,10
294195,393938,10
294812,306920,10
294929,420219,10
295247,419050,10
295247,447013,10
295247,462431,10
295247,473508,10
295847,904893,10
295847,912364,10
296460,762072,10
296693,323296,10
296693,980665,10
296814,541828,10
296814,1828310,10
297327,388273,10
297327,444158,10
297327,792930,10
297327,826270,10
297327,831218,10
297378,366870,10
297378,1137971,10
297385,636499,10
297483,398202,10
297943,1230121,10
298257,333925,10
298718,349342,10
298960,669474,10
299614,302927,10
299750,401024,10
299750,916771,10
299750,1834901,10
300137,304469,10
300139,452018,10
300139,508689,10
300139,862264,10
300139,910000,10
300139,1259795,10
300139,1276993,10
300847,393019,10
301024,314481,10
301024,388273,10
301024,494845,10
301908,315615,10
301908,965197,10
302927,394512,10
302927,639540,10
302927,841785,10
302957,466591,10
302957,630046,10
302957,802704,10
304286,323292,10
304286,681792,10
305595,451809,10
306009,308072,10
306621,1086377,10
306771,332484,10
306771,430450,10
306771,444158,10
306771,458598,10
306771,574904,10
306771,683207,10
306771,742572,10
307299,1815627,10
308467,427974,10
308579,653190,10
308579,792875,10
309169,393938,10
309185,1434073,10
309185,1487227,10
309645,313210,10
309645,559600,10
309645,910000,10
310037,318554,10
310384,315615,10
310384,440982,10
310779,313210,10
311941,332484,10
312962,329538,10
313590,386697,10
313590,396192,10
313590,1090895,10
314091,503790,10
314468,362459,10
314481,388273,10
315236,331595,10
315615,623696,10
315615,892910,10
315615,1474938,10
315615,1986536,10
316442,319471,10
316483,374779,10
316917,623696,10
317459,400209,10
317906,759565,10
317906,1423134,10
317906,1426316,10
317906,1428850,10
317906,1436502,10
317906,1436507,10
317906,1438922,10
317906,1444724,10
317906,1451037,10
317906,1463238,10
317955,320632,10
317955,486876,10
318460,949217,10
318460,1045041,10
318460,1221148,10
318460,1564023,10
318480,1452408,10
319447,402813,10
319447,683207,10
319447,742572,10
319560,398567,10
319628,387384,10
319740,365424,10
320632,486876,10
321107,432508,10
321170,367413,10
321382,463062,10
321646,754897,10
321982,420633,10
322215,393019,10
323292,393966,10
323296,336268,10
323296,394512,10
323296,494845,10
323296,545324,10
323296,757249,10
323296,980665,10
323365,545324,10
323365,925485,10
323365,944383,10
323365,964381,10
323365,1040753,10
323390,399738,10
323390,451809,10
323390,1482984,10
323634,356236,10
323634,361000,10
323634,388095,10
323634,580033,10
323634,592355,10
323634,601249,10
323634,608136,10
323634,625374,10
324509,764916,10
325104,937047,10
325104,1479865,10
325104,1691129,10
325104,1708155,10
325104,1719121,10
325708,338710,10
325720,400477,10
325720,438734,10
325737,477607,10
325839,405007,10
327142,341235,10
328265,360625,10
328664,332484,10
328664,333167,10
329236,418280,10
329236,810184,10
330874,361730,10
331227,1291004,10
331843,632796,10
332103,904893,10
332484,394512,10
332484,402813,10
332484,726656,10
332935,1000605,10
332935,1258899,10
333167,363754,10
334445,349758,10
334445,405129,10
334445,459436,10
334909,488341,10
334909,581868,10
334909,627857,10
334909,670138,10
335703,919848,10
335703,1098793,10
335703,1176499,10
336986,412344,10
337653,601887,10
340497,342352,10
340974,626757,10
340974,700400,10
340974,837016,10
340974,1477163,10
340974,1521737,10
341297,617366,10
342260,460350,10
342352,384348,10
342854,607714,10
343189,1443862,10
344004,1834901,10
344789,545324,10
344789,579750,10
345087,1047275,10
345599,352768,10
345599,1204469,10
346207,580143,10
346524,461052,10
349575,361905,10
349575,391122,10
349575,512377,10
349575,522052,10
349575,526491,10
349686,366256,10
350800,649884,10
351838,1295156,10
352597,475426,10
353558,443651,10
354071,626515,10
354102,609297,10
354102,777656,10
354139,366685,10
355221,398518,10
356236,361000,10
356755,390379,10
357263,695486,10
358039,1021113,10
358237,1320976,10
358293,637483,10
359170,920283,10
359962,394701,10
360746,603205,10
360746,1281924,10
361000,388095,10
361000,480419,10
361000,638382,10
361245,388273,10
361245,541828,10
361857,363208,10
361905,405129,10
362417,1117009,10
363161,1843372,10
363255,1000064,10
363754,393019,10
364597,414730,10
365045,1807138,10
367139,373576,10
371436,572526,10
372372,739249,10
373279,484958,10
373576,378050,10
376579,410975,10
377807,543182,10
380716,647298,10
384453,1311460,10
384698,522343,10
384849,618510,10
386189,718869,10
388095,591979,10
388095,598677,10
388095,607350,10
389324,395921,10
391765,988526,10
391765,989864,10
392071,535928,10
393966,395034,10
393966,399738,10
393966,420190,10
393966,503164,10
394330,462610,10
394330,629059,10
394330,773591,10
394330,777197,10
394330,878586,10
394330,914278,10
394330,916687,10
394512,861069,10
394512,965197,10
394512,1011783,10
394774,459436,10
395004,397649,10
395728,419734,10
396146,1642749,10
396192,893218,10
396627,541257,10
397156,1493502,10
397468,1036789,10
397468,1320976,10
397468,1321494,10
397468,1324360,10
397468,1338542,10
397468,1357147,10
398066,404700,10
398680,447131,10
398680,464463,10
400209,451949,10
400477,411358,10
400477,438734,10
400477,530861,10
400477,541083,10
400746,721279,10
401162,930688,10
401162,991800,10
401162,1142708,10
401162,1634050,10
401162,1639767,10
401162,1672190,10
401162,1765947,10
401162,1820515,10
401192,408040,10
401515,678977,10
401515,1101420,10
401515,1104369,10
402713,407364,10
402806,444082,10
403379,438383,10
403403,1905918,10
404277,1854051,10
405129,492496,10
405129,522052,10
406504,411468,10
406851,408040,10
406851,417912,10
407036,622945,10
407049,577245,10
407049,581224,10
407049,581452,10
408040,435916,10
412522,756417,10
412522,863335,10
412739,1643760,10
413224,461914,10
414137,560102,10
417912,419734,10
419361,428011,10
419734,435477,10
420190,1121800,10
420190,1166855,10
425077,1098499,10
425754,652534,10
428454,1423309,10
428454,1423350,10
428454,1426155,10
429011,431398,10
429011,711132,10
429096,979078,10
429530,630061,10
429530,705417,10
430450,683207,10
430450,742572,10
431146,913503,10
433436,532744,10
435551,464103,10
435551,666287,10
437811,1485305,10
438734,534292,10
439766,1436502,10
439766,1444724,10
439766,1463238,10
442196,757321,10
442650,613520,10
444928,451229,10
447408,478551,10
447408,747734,10
447408,906168,10
449983,513502,10
451809,560468,10
452018,1274671,10
452777,825344,10
453416,671437,10
453416,778336,10
455662,466361,10
455912,466361,10
455912,479254,10
456124,762523,10
456743,1012229,10
456743,1477163,10
456743,1521737,10
456784,1076742,10
456901,1379735,10
456901,1432920,10
457884,458303,10
458281,459436,10
458421,689627,10
458466,1653473,10
458466,1673341,10
458466,1710331,10
458622,524955,10
458920,467327,10
459101,487497,10
459364,526491,10
459436,479212,10
459436,486955,10
459436,505699,10
459790,483551,10
459814,473874,10
460175,500875,10
460305,462610,10
460305,874316,10
460305,906862,10
460305,912247,10
460305,914278,10
460305,929366,10
460305,958219,10
460305,980129,10
460461,764019,10
461184,479137,10
462328,467296,10
462554,933561,10
462610,916687,10
465176,466361,10
466320,581492,10
466940,1070218,10
467150,494845,10
468118,521428,10
469082,690911,10
469350,493851,10
469364,611009,10
469364,625832,10
469534,860856,10
471068,528454,10
471499,1425546,10
471499,1438139,10
473502,643544,10
473502,656093,10
473502,682562,10
473502,684813,10
473508,560468,10
473508,950537,10
473508,1259795,10
475738,949217,10
475738,985165,10
475738,1317389,10
475738,1564023,10
475738,1690430,10
477558,666591,10
477558,757260,10
477558,1175505,10
477558,1180813,10
477558,1282572,10
477558,1317553,10
477634,734139,10
477634,1091799,10
479442,878612,10
479442,1904198,10
480984,567594,10
480984,598677,10
483430,900050,10
483551,1045041,10
486257,622945,10
487972,586531,10
488341,643544,10
488341,656093,10
488341,667486,10
488341,682562,10
489218,905246,10
490580,1051128,10
491688,562465,10
494845,535928,10
494845,735472,10
494845,861549,10
496197,521007,10
496197,546133,10
496374,1431589,10
496743,747734,10
503046,557202,10
503046,600399,10
503373,854699,10
503373,1469508,10
503373,1517629,10
503946,946853,10
504507,626464,10
504507,667486,10
504507,682047,10
504507,682562,10
504507,691343,10
505949,578685,10
506640,934647,10
507880,1839104,10
508689,513693,10
512377,522052,10
512377,1311628,10
513591,513875,10
513693,559600,10
513693,613270,10
513693,910000,10
513693,1050631,10
513693,1264457,10
518372,729335,10
520577,1501863,10
521410,609125,10
522343,1194104,10
526491,544278,10
527872,540498,10
528056,562987,10
528384,533773,10
528439,530466,10
528494,534655,10
528494,550597,10
528575,598626,10
528575,718869,10
528575,1005411,10
528575,1254948,10
528575,1258513,10
530757,1231462,10
530757,1462858,10
530861,556248,10
532804,536740,10
533024,677887,10
534396,546547,10
535137,554306,10
535751,1841570,10
535928,584701,10
535928,925485,10
535928,966164,10
536354,683337,10
538071,554921,10
538345,546133,10
540166,575323,10
540620,1872265,10
540988,691642,10
541083,544278,10
541114,1424286,10
541748,690884,10
541828,573906,10
541828,1434989,10
543182,755625,10
543182,911685,10
543215,546108,10
543300,959870,10
543300,1250310,10
543300,1665411,10
546108,558942,10
548082,559582,10
549931,581237,10
551743,1388595,10
551993,559582,10
553860,1070218,10
553860,1214060,10
557395,1214060,10
557395,1830184,10
557642,658582,10
557642,754897,10
557901,892032,10
557901,919979,10
557901,1199094,10
557901,1200473,10
559012,559582,10
560138,626289,10
561247,824119,10
561247,1460718,10
561247,1464511,10
561247,1473632,10
562359,571908,10
565376,1452408,10
566467,1231462,10
566467,1323031,10
566467,1745972,10
566467,1832195,10
566467,1833001,10
567727,586767,10
569329,719172,10
569329,825949,10
569796,840728,10
569796,891090,10
569796,1317389,10
571512,1331790,10
571908,581616,10
574054,1456786,10
576074,649884,10
577245,581452,10
577245,582935,10
577245,600399,10
577245,616253,10
578685,665135,10
578963,1058428,10
579849,719279,10
580033,582935,10
580033,598677,10
580033,601249,10
580033,607350,10
580033,608136,10
580033,625374,10
581224,582935,10
581224,591979,10
581224,598677,10
581224,600399,10
581452,600399,10
581777,582935,10
581777,591979,10
581777,608136,10
581868,584846,10
581868,649386,10
581868,655270,10
581868,670138,10
581868,682772,10
582935,602428,10
582935,607350,10
582935,616253,10
583812,792006,10
584160,762528,10
584607,644413,10
584607,681161,10
584607,681502,10
584607,688631,10
584607,690927,10
584607,728535,10
585463,999405,10
585463,1042287,10
586179,592953,10
586571,633827,10
586571,638382,10
587648,730453,10
587648,760812,10
587648,1452117,10
587648,1457005,10
589908,600659,10
591979,592355,10
591979,600399,10
591979,601249,10
591979,602428,10
591979,607350,10
591979,616253,10
591979,649291,10
598626,613270,10
598677,602428,10
598677,607350,10
598677,608136,10
598677,616253,10
603360,868042,10
603360,956750,10
603360,1639584,10
603360,1640154,10
603888,1435270,10
603966,1118973,10
605935,1393157,10
605935,1441097,10
606790,2068565,10
607350,608136,10
608054,615413,10
608054,617055,10
608165,611597,10
608165,673684,10
608165,683337,10
608165,699933,10
608165,825284,10
608329,621951,10
608410,627857,10
608563,1333146,10
608563,1518628,10
608651,899391,10
608651,1854099,10
608651,1886086,10
609297,777656,10
610016,652534,10
610046,621097,10
610936,628240,10
611009,621097,10
611579,893340,10
611597,618968,10
611597,649813,10
612029,874710,10
612995,618968,10
612995,623803,10
612995,628654,10
613116,787111,10
613116,909241,10
613270,1175505,10
613270,1205511,10
613270,1275495,10
613270,1282572,10
613679,626464,10
616733,704271,10
617347,917413,10
617366,623803,10
618510,682241,10
618510,777197,10
618510,818243,10
618968,641084,10
618968,661001,10
619068,633827,10
620431,636521,10
621097,630896,10
623803,663494,10
625215,649884,10
625832,630347,10
626464,667486,10
626464,682047,10
626464,682562,10
627857,643544,10
627857,656093,10
628134,1824761,10
628240,641015,10
628737,983617,10
628834,1488226,10
629059,874316,10
629059,962896,10
630095,630347,10
630095,661868,10
630347,682772,10
630896,638382,10
631558,718869,10
631558,1205511,10
631764,699976,10
632373,1430436,10
632373,1436745,10
632796,1269542,10
633287,1203342,10
633287,1462858,10
633827,641015,10
634612,635145,10
635164,772875,10
638649,681502,10
638649,697709,10
638797,1324360,10
638797,1338542,10
638797,1383772,10
638797,1388595,10
638797,1423096,10
639917,1050681,10
641084,657329,10
641084,688563,10
641084,957377,10
641736,666847,10
642343,687292,10
643237,653921,10
643544,648744,10
643544,656093,10
643544,670138,10
643544,674331,10
643544,682047,10
643544,682562,10
644198,647908,10
644198,667486,10
644198,691343,10
644413,665463,10
644413,688291,10
644413,688631,10
644413,705417,10
644413,708317,10
645129,697964,10
645129,699663,10
646385,676318,10
646514,677024,10
647630,648773,10
648468,652534,10
648744,656093,10
648744,667486,10
648744,691343,10
649884,758812,10
650991,791651,10
651102,896652,10
652382,682928,10
652476,1288120,10
653190,688249,10
653288,1346325,10
655170,691010,10
655170,697964,10
655170,708317,10
655170,708511,10
656093,667486,10
657885,1296758,10
657961,806409,10
657961,1423134,10
657961,1426316,10
657961,1428850,10
657961,1430143,10
657961,1438922,10
657961,1451037,10
657961,1465009,10
657961,1507072,10
659922,999143,10
661001,673684,10
661529,677024,10
662511,1319007,10
662511,1498498,10
662511,1537447,10
662807,912984,10
663156,1713397,10
665135,667125,10
665463,681161,10
665463,681502,10
665463,682154,10
665463,688631,10
665463,690927,10
665463,691343,10
665463,705417,10
665753,1426142,10
665753,1428850,10
665753,1465009,10
665753,1488637,10
667207,667486,10
667207,691343,10
667207,692397,10
667486,682047,10
667486,682562,10
667486,691343,10
670138,674331,10
670138,1651145,10
671437,765880,10
671437,795875,10
673464,1278481,10
673482,674331,10
674161,759052,10
675688,909126,10
675688,917413,10
675858,688291,10
675858,688631,10
677887,752086,10
678965,683187,10
678977,1098499,10
678977,1113016,10
681161,688291,10
681502,688291,10
681502,691343,10
681502,708317,10
682047,682562,10
682154,688631,10
682867,683999,10
683207,742572,10
686532,695934,10
687825,1271970,10
687935,1087131,10
687992,1465348,10
688291,700451,10
688291,704099,10
688291,708317,10
688631,708317,10
690884,759128,10
691010,708317,10
691343,692397,10
691343,700451,10
691343,737590,10
692678,963035,10
694230,999143,10
694230,1000605,10
694230,1258899,10
694230,1291004,10
694411,1421844,10
694411,1440205,10
696019,966164,10
696345,713901,10
697116,712643,10
697206,959870,10
697206,1665411,10
697709,701584,10
697921,706857,10
700400,900050,10
700709,997551,10
700709,1252037,10
701650,722646,10
703416,1086669,10
704127,718106,10
705305,917413,10
706635,1392936,10
706648,718869,10
706648,1119433,10
706648,1251035,10
706648,1291004,10
707651,736548,10
708124,1327468,10
711560,721697,10
715418,1838935,10
715549,749894,10
715549,1454380,10
715549,1476059,10
715549,1494793,10
715549,1498498,10
715549,1526654,10
715958,932795,10
715958,934700,10
717123,759466,10
717123,768654,10
717345,735434,10
717345,981758,10
717345,1453354,10
717713,769531,10
717713,784600,10
718106,764930,10
718869,989431,10
718869,1005411,10
718869,1251035,10
718872,745070,10
720153,1507454,10
720181,756887,10
721205,739249,10
721697,770494,10
721697,949217,10
721697,985165,10
721697,1187828,10
721697,1221148,10
721697,1332623,10
721697,1591688,10
721697,1877532,10
725429,1327013,10
726576,746372,10
726616,733804,10
726616,1767171,10
726621,778274,10
728351,825679,10
728805,768717,10
729715,745906,10
729715,751874,10
729930,759052,10
729930,774026,10
729930,1671922,10
730453,1428095,10
730453,1452117,10
730453,1487130,10
730453,1498498,10
731072,779067,10
735512,1485305,10
739249,1346325,10
739530,1823501,10
739842,1186302,10
741585,1711697,10
742572,743932,10
742572,765033,10
742825,811922,10
743480,1585428,10
743932,745906,10
743932,747640,10
743932,751874,10
744694,900050,10
744694,928163,10
744791,1021113,10
744901,1528386,10
745906,765033,10
746194,1668212,10
747640,759052,10
747640,765033,10
747734,762182,10
747734,766968,10
747734,769148,10
747734,775539,10
747734,794993,10
747777,1101329,10
747777,1438752,10
748261,795456,10
748493,757852,10
748493,764019,10
751874,765033,10
752086,766162,10
752086,769167,10
752086,775821,10
752086,792875,10
752086,795753,10
752086,823673,10
752086,826420,10
752086,907245,10
752241,757249,10
752241,938689,10
752241,1040753,10
752899,1104786,10
754152,867489,10
754897,845225,10
754897,1683684,10
756506,837016,10
756506,1430245,10
756506,1521737,10
757260,1180813,10
757260,1317553,10
758117,861236,10
759052,765033,10
759565,1436502,10
759565,1451037,10
759565,1463238,10
760812,1487130,10
760812,1498498,10
762063,783940,10
762182,766968,10
762528,768654,10
762528,778336,10
762875,778119,10
762961,812528,10
763393,1439329,10
763920,907063,10
763920,1132548,10
763920,1452117,10
763920,1526654,10
763942,778428,10
764621,1432395,10
764621,1473632,10
764784,1045041,10
765035,1710778,10
765880,779685,10
766345,779067,10
766383,774559,10
768996,775737,10
769167,824688,10
769400,776297,10
770494,909352,10
770494,949217,10
770694,909241,10
770694,1107858,10
772875,774393,10
772912,777780,10
774757,1423967,10
774903,962071,10
774903,1271970,10
774903,1487227,10
775621,839424,10
777171,801090,10
777197,818243,10
777197,917413,10
777799,1036012,10
778537,1691162,10
779067,783768,10
779067,1479865,10
779067,1570624,10
779067,1683041,10
779067,1708155,10
779979,1098499,10
779979,1104369,10
780455,849090,10
780455,909126,10
780455,909967,10
780455,991751,10
780922,1485057,10
781087,1052267,10
784600,801090,10
787111,909241,10
787111,1487462,10
787111,1519876,10
792006,811922,10
793308,891090,10
793308,971035,10
793308,1075256,10
793308,1338031,10
793308,1498498,10
793308,1520419,10
793308,1710331,10
793308,1739790,10
794984,876940,10
794984,961821,10
795188,868042,10
795188,980189,10
797074,1333146,10
797674,812392,10
797674,842367,10
797674,1271970,10
799087,801109,10
799087,821261,10
804317,1736438,10
810703,904893,10
812392,966164,10
812392,1271970,10
812392,1428047,10
812840,1129640,10
813447,957695,10
815039,848663,10
818243,839049,10
818243,917413,10
818243,946849,10
818542,840661,10
818542,1841285,10
818542,1904198,10
821735,826420,10
824088,939215,10
824688,911056,10
825284,1625277,10
825284,1985394,10
825344,898861,10
825344,944845,10
829696,953280,10
829942,911685,10
829942,916602,10
830749,833042,10
830801,876324,10
831608,1000064,10
832754,839863,10
835382,911056,10
836812,920283,10
837016,1012229,10
837016,1477163,10
837016,1521737,10
837197,976329,10
838248,928163,10
838529,846599,10
839049,848728,10
839049,868386,10
839049,917413,10
839049,917919,10
839049,944845,10
839863,857486,10
840728,1000064,10
841785,911685,10
842826,855213,10
842826,945890,10
842853,962896,10
842910,860132,10
845363,949217,10
845363,1480191,10
845363,1690430,10
846599,849747,10
846599,956770,10
848663,1015172,10
848728,918010,10
849090,909967,10
849090,912984,10
849556,1827782,10
850057,944576,10
850272,1558104,10
851454,1083004,10
851480,1434966,10
851679,946365,10
851679,1683041,10
851679,1722003,10
853518,945436,10
854199,1250013,10
855213,867489,10
855213,874895,10
857065,989249,10
857725,1966804,10
858888,864730,10
859382,1575292,10
863516,945890,10
863533,1485426,10
863942,928418,10
863942,933777,10
863942,934700,10
863942,935233,10
863942,1080616,10
866363,1884849,10
866409,1497200,10
867012,922330,10
867012,945890,10
867012,1107858,10
867012,1485305,10
867489,878416,10
867489,934647,10
867489,963809,10
867489,1117747,10
867489,1231462,10
867489,1323031,10
867489,1832195,10
868042,1639584,10
868386,917919,10
869818,873865,10
870225,1438602,10
870337,927907,10
870337,977123,10
870774,964461,10
871439,1476937,10
874316,909126,10
875844,909241,10
875844,1464846,10
876541,1797222,10
878416,945890,10
878416,1448173,10
878586,916687,10
878612,982790,10
878612,1187828,10
878612,1278481,10
878612,1332623,10
878612,1395172,10
878612,1897883,10
879769,1473632,10
879998,906711,10
879998,922199,10
879998,944895,10
879998,1061099,10
879998,1065177,10
879998,1093748,10
882694,1438139,10
888942,889515,10
889515,903795,10
889648,942514,10
890263,1423309,10
890263,1681511,10
890263,1690232,10
891090,971035,10
891090,997720,10
891090,1537447,10
891580,999405,10
892116,1087088,10
892753,997330,10
892753,1205511,10
892753,1291004,10
893124,1457005,10
893340,904893,10
894265,1002793,10
894799,1090168,10
895532,922314,10
895605,919848,10
895605,975960,10
895605,999405,10
895605,1182520,10
896577,913241,10
896577,947317,10
896652,1179196,10
896652,1378383,10
896652,1653875,10
896652,1681511,10
896652,1709603,10
896793,1233300,10
898861,906209,10
898861,963945,10
898985,909002,10
899391,1564023,10
899391,1591688,10
899391,1690430,10
899391,1854099,10
899391,1886086,10
900050,1012229,10
900050,1096494,10
900050,1316019,10
900050,1456013,10
900083,907545,10
901258,909352,10
901258,1854099,10
902830,1655544,10
903795,912364,10
904781,904893,10
904893,952263,10
905028,1070218,10
905028,1272074,10
905596,912364,10
905596,925215,10
905596,985461,10
905596,1131685,10
906209,963945,10
906340,912364,10
906711,922199,10
906711,936972,10
906862,964404,10
907063,1487130,10
907248,919793,10
907248,920283,10
907545,948468,10
907879,930430,10
907897,1290407,10
907922,942292,10
907922,979355,10
908187,946849,10
908368,942836,10
909002,972849,10
909126,917413,10
909241,1464846,10
909241,1476059,10
909241,1494793,10
909352,985165,10
909352,1187828,10
909352,1221148,10
909352,1435426,10
909352,1591688,10
909352,1745972,10
909352,1877532,10
909352,1946910,10
909967,912342,10
910816,991072,10
911092,1399703,10
911092,1431049,10
911126,992433,10
911402,917008,10
912364,1324729,10
912857,964381,10
912984,962896,10
913192,938689,10
913241,945890,10
913462,942836,10
913536,1045933,10
913834,963945,10
914006,1318135,10
914278,962896,10
914307,964381,10
914525,916602,10
914788,972849,10
915834,938689,10
915954,991154,10
915954,1464176,10
915954,1683041,10
915954,1719121,10
916232,1035851,10
916741,945808,10
917136,1096098,10
917413,918010,10
917413,945781,10
917413,946849,10
917413,991072,10
917526,1004191,10
917776,989249,10
918487,1303775,10
919397,980189,10
919793,981826,10
919793,1141330,10
920283,920304,10
920283,921341,10
920283,928143,10
920283,932278,10
920283,983617,10
920283,1143492,10
920283,1147603,10
920304,938454,10
921967,997551,10
921967,1179762,10
921967,1354224,10
922199,934700,10
922199,936972,10
922199,980668,10
922199,987633,10
922199,1061099,10
922199,1093748,10
922330,1000064,10
924331,1346325,10
924757,1085435,10
924894,938454,10
924904,927907,10
924904,938454,10
925058,1337302,10
925116,1252151,10
925425,978949,10
927352,977377,10
927487,1031149,10
927487,1836912,10
927907,935233,10
927907,935797,10
927907,938461,10
927907,940560,10
927907,1062387,10
927907,1080616,10
927907,1101420,10
928054,1684260,10
928163,1012229,10
928163,1316019,10
928163,1456013,10
928749,1093748,10
928749,1125665,10
929990,956176,10
931565,1331078,10
932588,1426142,10
932588,1488637,10
932795,1061099,10
932980,1272074,10
933561,999405,10
934582,1048851,10
934700,1125665,10
935233,1106273,10
935233,1485898,10
935233,1639078,10
935524,975244,10
935797,1080616,10
935797,1093748,10
935797,1101420,10
935797,1125665,10
936123,1659056,10
936972,1061099,10
936972,1065177,10
936972,1093748,10
937047,984628,10
937047,1423309,10
937047,1464176,10
937047,1653875,10
937047,1691129,10
937047,1719121,10
937075,1233300,10
938454,938461,10
938454,1057988,10
938454,1101420,10
938569,1254339,10
938569,1281984,10
938587,1308442,10
939206,946153,10
942292,980665,10
944845,964712,10
945321,1231462,10
945808,1047672,10
945808,1509230,10
945890,956176,10
945890,1017573,10
946849,962896,10
949217,1221148,10
949217,1397072,10
949217,1628937,10
949217,1679077,10
949217,1690430,10
949217,1691163,10
949217,1734349,10
949217,1745972,10
949217,1946910,10
950269,989249,10
950347,1854051,10
951403,1518628,10
952902,1204641,10
954331,1086017,10
954550,1820320,10
955295,1155347,10
957377,961293,10
957377,1635440,10
957377,1668212,10
958690,1199646,10
959870,1250310,10
959870,1325573,10
959870,1665411,10
961036,1035720,10
961036,1291004,10
961293,966966,10
962071,963119,10
962071,1438752,10
962429,1036012,10
962613,965398,10
962880,1044524,10
963809,1231462,10
964398,964965,10
964404,979355,10
964404,980668,10
966145,1152851,10
966164,1428047,10
966549,1058282,10
966549,1091983,10
966966,1023144,10
967766,1432577,10
973103,1148656,10
974432,1200473,10
974841,999451,10
975752,1905918,10
975941,1817909,10
977123,1056771,10
978578,1170101,10
979327,1264457,10
979327,1282572,10
979355,980668,10
979355,1040753,10
979355,1061099,10
980189,997982,10
980189,1316606,10
980189,1659056,10
980665,980668,10
980665,1061099,10
980668,1069562,10
980668,1070717,10
981168,989431,10
981826,1141330,10
981826,1147603,10
982790,1440460,10
982790,1817627,10
982790,1897883,10
982790,1904198,10
983129,1423309,10
985165,1395172,10
985165,1433882,10
985165,1690430,10
985165,1854099,10
985165,1886086,10
991461,1063334,10
991461,1749546,10
991800,1296758,10
991830,1487227,10
994207,1214060,10
994207,1821530,10
994336,1000064,10
994336,1203342,10
994336,1231462,10
995126,1189904,10
995346,1097743,10
995346,1189904,10
997551,1306759,10
997551,1312625,10
999143,1000605,10
999143,1097743,10
999143,1247067,10
999143,1291004,10
999405,1098793,10
999405,1143178,10
999851,1057988,10
1000064,1816456,10
1000064,1893717,10
1000605,1097743,10
1000605,1162693,10
1000605,1173391,10
1000614,1319232,10
1000951,1098793,10
1002793,1034301,10
1002793,1841546,10
1004569,1032967,10
1005411,1205511,10
1005411,1241540,10
1005411,1244957,10
1005411,1254948,10
1005430,1334965,10
1010877,1010878,10
1011783,1045041,10
1031149,1836912,10
1036279,1490704,10
1036789,1395608,10
1036789,1423096,10
1036789,1425648,10
1036789,1431049,10
1036789,1457282,10
1036789,1467055,10
1039351,1107858,10
1039351,1485305,10
1046217,1151960,10
1047509,1063292,10
1049395,1240259,10
1051114,1073243,10
1051460,1121800,10
1054332,1242749,10
1054982,1099349,10
1055813,1119563,10
1055813,1180813,10
1055813,1269892,10
1055813,1317553,10
1055813,1327355,10
1055813,1347571,10
1058365,1121920,10
1061014,1075256,10
1064903,1101329,10
1065177,1093748,10
1068708,1436479,10
1069562,1070717,10
1070218,1111723,10
1070218,1214060,10
1070218,1429863,10
1070218,1455895,10
1070218,1755351,10
1071165,1173437,10
1075256,1537447,10
1080616,1090895,10
1080616,1096313,10
1082699,1086549,10
1086377,1317389,10
1086377,1433882,10
1086377,1564023,10
1090198,1098499,10
1090198,1104369,10
1095957,1098499,10
1096058,1659056,10
1096098,1683041,10
1096117,1174892,10
1096313,1098499,10
1097743,1162693,10
1098793,1143178,10
1100802,1256929,10
1101329,1423303,10
1101329,1438752,10
1101329,1443031,10
1103877,1804667,10
1103877,1817909,10
1107858,1338031,10
1107858,1856056,10
1110794,1154195,10
1111326,1141273,10
1113016,1438191,10
1119676,1203894,10
1120737,1428780,10
1121800,1164638,10
1124018,1653875,10
1127191,1173077,10
1127475,1182082,10
1128770,1861244,10
1131424,1177018,10
1132548,1487130,10
1142708,1462973,10
1144926,1329901,10
1147936,1736438,10
1154955,1651558,10
1155347,1639505,10
1157565,1186044,10
1157565,1200038,10
1161935,1435034,10
1162630,1176456,10
1162693,1258899,10
1162693,1291004,10
1162741,1185183,10
1167051,1336343,10
1168290,1176320,10
1173195,1180190,10
1174389,1179792,10
1176319,1861244,10
1177110,1329704,10
1179196,1675701,10
1180813,1317553,10
1181314,1683041,10
1182647,1673072,10
1182647,1695114,10
1185011,1625277,10
1187357,1487227,10
1187828,1332623,10
1187828,1564023,10
1189904,1199094,10
1189904,1199646,10
1192826,1287798,10
1199646,1244413,10
1203342,1323031,10
1203342,1333707,10
1203342,1832195,10
1203342,1854051,10
1203342,1871908,10
1204181,1274582,10
1205511,1244957,10
1205511,1291004,10
1214060,1279751,10
1214060,1324104,10
1214060,1421225,10
1214197,1226664,10
1218287,1317226,10
1221002,1483948,10
1231462,1323031,10
1231462,1431818,10
1231462,1832195,10
1231462,1833001,10
1232424,1524069,10
1233098,1433024,10
1233300,1243243,10
1233300,1543584,10
1237188,1245341,10
1240259,1635440,10
1241540,1244957,10
1241540,1258513,10
1242895,1245341,10
1242895,1265133,10
1244957,1254948,10
1247020,1431854,10
1247067,1291004,10
1250310,1665411,10
1254866,1291004,10
1256746,1847606,10
1257627,1518628,10
1257627,1849767,10
1258513,1264457,10
1258513,1264734,10
1259126,1346325,10
1259345,1378383,10
1261010,1332139,10
1264457,1275495,10
1269542,1290407,10
1271970,1435579,10
1273276,1354224,10
1274582,1984749,10
1278481,1854099,10
1278481,1886086,10
1278481,1904198,10
1278994,1323031,10
1281984,1327808,10
1285631,1652780,10
1295156,1306657,10
1296758,1424937,10
1297153,1841546,10
1302392,1434771,10
1306876,1321709,10
1308303,1445227,10
1308303,1520877,10
1308303,1537462,10
1309115,1320976,10
1309115,1321494,10
1309115,1383038,10
1309115,1765947,10
1309115,1828925,10
1311655,1320986,10
1312351,1336978,10
1312351,1341785,10
1312462,1333146,10
1312462,1391010,10
1312462,1518628,10
1313744,1347778,10
1315523,1476059,10
1317389,1854099,10
1318804,1383038,10
1319007,1338031,10
1319007,1537447,10
1322059,1327693,10
1322059,1334366,10
1322539,1395172,10
1322539,1564023,10
1322539,1690430,10
1322539,1854099,10
1322539,1886086,10
1323031,1431818,10
1323031,1745972,10
1323031,1833001,10
1324360,1325309,10
1324360,1340650,10
1324360,1370348,10
1324360,1371001,10
1324360,1383038,10
1324360,1383772,10
1325306,1455895,10
1325309,1328913,10
1325309,1338542,10
1325309,1383038,10
1327013,1477342,10
1327013,1827751,10
1327693,1334366,10
1328747,1329057,10
1328913,1340650,10
1328913,1370348,10
1328913,1383772,10
1328913,1461341,10
1331790,1332207,10
1331790,1443886,10
1332623,1449289,10
1332623,1836875,10
1332623,1854099,10
1333146,1518628,10
1333146,1639767,10
1333146,1822353,10
1333146,1832012,10
1333146,1858567,10
1336978,1341785,10
1338031,1485305,10
1338031,1739790,10
1338542,1340650,10
1338542,1370348,10
1338542,1371001,10
1338542,1383038,10
1338542,1383772,10
1339373,1395133,10
1339373,1423096,10
1340650,1388595,10
1349606,1635687,10
1357147,1388595,10
1357324,1383038,10
1357324,1457282,10
1362952,1443698,10
1371001,1371973,10
1371001,1459596,10
1371086,1379735,10
1372468,1886086,10
1378065,1409937,10
1379735,1432920,10
1383772,1388595,10
1383772,1394079,10
1388595,1395153,10
1391010,1824776,10
1391010,1849767,10
1393949,1428499,10
1394369,1450398,10
1395153,1457282,10
1395172,1690430,10
1395172,1854099,10
1395172,1904198,10
1395608,1457282,10
1397072,1690430,10
1397072,1854099,10
1399703,1431049,10
1399703,1433926,10
1408648,1489004,10
1415081,1436479,10
1415081,1741349,10
1421225,1432360,10
1421754,1452622,10
1421844,1436816,10
1421844,1440205,10
1421844,1464239,10
1422186,1436977,10
1422205,1445712,10
1423134,1430143,10
1423134,1438922,10
1423134,1479933,10
1423304,1423309,10
1423304,1442007,10
1423309,1653875,10
1423967,1424954,10
1423967,1437784,10
1423967,1458239,10
1424290,1438139,10
1424292,1440205,10
1424326,1433403,10
1424326,1438139,10
1424547,1427768,10
1424547,1741349,10
1424954,1442007,10
1425279,1462230,10
1425546,1439141,10
1425927,1455895,10
1425927,1459166,10
1426098,1426975,10
1426142,1426316,10
1426142,1465009,10
1426740,1440288,10
1427655,1488637,10
1427724,1443886,10
1427768,1449356,10
1427768,1473632,10
1428095,1487130,10
1428327,1708155,10
1428499,1550701,10
1428654,1436748,10
1428850,1436502,10
1428850,1463238,10
1429278,1484102,10
1429332,1479194,10
1429873,1455819,10
1430143,1488637,10
1431450,1440205,10
1431450,1449356,10
1431484,1506599,10
1432424,1438139,10
1432755,1432920,10
1432755,1436502,10
1432755,1444724,10
1432755,1463238,10
1432920,1436977,10
1433772,1457476,10
1434350,1456675,10
1434771,1443670,10
1434771,1487130,10
1434771,1498498,10
1435426,1564023,10
1436502,1444724,10
1436502,1463238,10
1438139,1446971,10
1438139,1466767,10
1438139,1497884,10
1439560,1446463,10
1440205,1449356,10
1441097,1457282,10
1442007,1458239,10
1442045,1484425,10
1442663,1483948,10
1444724,1854099,10
1445227,1459518,10
1447211,1450877,10
1447211,1455895,10
1450727,1457005,10
1451386,1643384,10
1451954,1683041,10
1452096,1453282,10
1454720,1455895,10
1455328,1490781,10
1455895,1458278,10
1455895,1459166,10
1455895,1519876,10
1455895,1552412,10
1455895,1639641,10
1455895,1673537,10
1455895,1681511,10
1455895,1690745,10
1456761,1500454,10
1458278,1485305,10
1458311,1543584,10
1459166,1519876,10
1459166,1584399,10
1459518,1520877,10
1459746,1469924,10
1460396,1498498,10
1462858,1706246,10
1462973,1820515,10
1464176,1690232,10
1464846,1487462,10
1465009,1488637,10
1466985,1486572,10
1469779,1473468,10
1469779,1683041,10
1469779,1777602,10
1476048,1489552,10
1476059,1494793,10
1479865,1690232,10
1479865,1719121,10
1485305,1739790,10
1485305,1816456,10
1485596,1485858,10
1485898,1520662,10
1485898,1540862,10
1487130,1498498,10
1491135,1578831,10
1491135,1639078,10
1498498,1537447,10
1507454,1625277,10
1508685,1635687,10
1518628,1817094,10
1518628,1832012,10
1519662,1648659,10
1519876,1584399,10
1520413,1704128,10
1520413,1708155,10
1520662,1540862,10
1537447,1753488,10
1552412,1639641,10
1552412,1719121,10
1553713,1743630,10
1564023,1946910,10
1570624,1691129,10
1570624,1719121,10
1584100,1847606,10
1591688,1854099,10
1591688,1886086,10
1595120,1655544,10
1609943,1666349,10
1625277,1976840,10
1636395,1679769,10
1639505,1659076,10
1639584,1659056,10
1641531,1694950,10
1641863,1655210,10
1650421,1710331,10
1651566,1653473,10
1653473,1655685,10
1653473,1673341,10
1653473,1715018,10
1655104,1661456,10
1660754,2215006,10
1662163,1668945,10
1665411,1690745,10
1666743,1683041,10
1672559,1842502,10
1683041,1690232,10
1683041,1737662,10
1689348,1847918,10
1690232,1691129,10
1690232,1719121,10
1699203,1741349,10
1703906,1741349,10
1704128,1708155,10
1706502,1741325,10
1745972,1946910,10
1749546,1828310,10
1750255,1932792,10
1796469,1813865,10
1804667,1836912,10
1816149,1830242,10
1817523,1976840,10
1817909,1836912,10
1818434,1827782,10
1820026,1820874,10
1823501,1835017,10
1826428,1847606,10
1827782,1840758,10
1830803,1844782,10
1836228,1860261,10
1836875,1854099,10
1836875,1886086,10
1844782,1914994,10
1854051,1858408,10
1854099,1877532,10
1860261,1934005,10
1861244,1862885,10
1877532,1886086,10
1897883,1904198,10
102,1410037,9
102,1449438,9
335,530993,9
676,1285904,9
911,446837,9
928,6332,9
928,398680,9
928,1334965,9
1043,192280,9
1804,366256,9
1804,665463,9
1804,688291,9
1804,688631,9
1804,698549,9
1804,708317,9
2226,37270,9
2548,302317,9
2825,23362,9
3185,772189,9
3185,1653473,9
3185,1671922,9
3284,1683041,9
3289,639540,9
3391,267820,9
4178,2580686,9
4709,1130463,9
4833,750268,9
5381,1179363,9
5539,1525166,9
5539,1984952,9
5596,505949,9
5864,1142563,9
5914,14686,9
5937,1477163,9
5937,1521737,9
6021,892910,9
6077,280812,9
6077,283998,9
6077,301980,9
6077,621097,9
6077,630896,9
6153,399768,9
6272,126327,9
6338,1433077,9
6370,576234,9
6460,497889,9
6460,503046,9
6460,540498,9
6588,53608,9
6588,291543,9
6588,339873,9
6711,217976,9
6711,349575,9
6788,451807,9
6800,946153,9
6939,74035,9
6939,323365,9
6939,1040753,9
7210,1476059,9
7210,1485596,9
7815,15415,9
8015,922330,9
8015,1706246,9
8015,1855983,9
8015,1871908,9
8187,102431,9
8229,10444,9
8240,396054,9
8632,66750,9
8747,178140,9
8747,1644991,9
8871,1116917,9
8871,1256746,9
9074,381286,9
9112,1437727,9
9376,848275,9
9494,707502,9
9494,718872,9
9498,238612,9
9632,1645095,9
9850,15270,9
9850,332402,9
10039,1813943,9
10117,952051,9
10244,55324,9
10246,344789,9
10246,394512,9
10276,697116,9
10475,557901,9
10475,974432,9
10475,995126,9
10475,995346,9
10475,1246802,9
10479,559033,9
10871,745872,9
10936,1000064,9
11101,242392,9
11177,351551,9
11177,1337060,9
11225,149654,9
11225,762524,9
11362,1817909,9
11376,283658,9
11559,412474,9
12577,937353,9
12665,23919,9
12669,911092,9
12669,1036789,9
12669,1399703,9
12669,1431049,9
12669,1441097,9
12669,1457282,9
12715,300137,9
12715,323649,9
12904,52111,9
13180,1703906,9
13351,327782,9
13351,342260,9
13351,343963,9
13351,870092,9
13552,310384,9
13552,402813,9
14126,306771,9
14126,319447,9
14126,377712,9
14126,430450,9
14126,574904,9
14126,683207,9
14126,742572,9
14257,1864422,9
14548,699032,9
14708,681502,9
14708,705417,9
14708,708317,9
15023,1154534,9
15180,824972,9
15363,309703,9
15363,342260,9
15363,343620,9
15433,83936,9
15433,160480,9
15607,756417,9
15757,649884,9
16223,281416,9
16361,805697,9
16984,315615,9
17036,601626,9
17132,225922,9
17132,747777,9
17132,971905,9
17132,1101329,9
17132,1432215,9
17132,1438752,9
17333,344078,9
17501,90055,9
17501,1181513,9
17530,690021,9
17949,299750,9
17949,401258,9
17949,476277,9
17949,617768,9
17949,749923,9
17949,1306996,9
17949,1835308,9
17949,1836228,9
17949,1934005,9
18050,1436748,9
18234,200772,9
18234,1333146,9
18234,1518628,9
18234,1849767,9
18279,31412,9
18668,439421,9
18702,98032,9
18707,755458,9
18955,576235,9
19157,1394111,9
20325,796491,9
20460,319447,9
20616,463109,9
20945,411520,9
21439,344046,9
22152,23346,9
22318,237125,9
22363,26932,9
22488,1462057,9
22503,710263,9
22505,1044524,9
22663,191894,9
22663,450173,9
22944,81344,9
22944,356755,9
23953,165387,9
24065,922314,9
24399,41962,9
24509,1041762,9
24743,26720,9
25077,210130,9
25077,752899,9
25077,878973,9
26118,110840,9
26118,299614,9
26118,535928,9
26118,1161602,9
26118,1212402,9
26546,399473,9
26551,27574,9
26750,1427775,9
26750,1466596,9
26815,285754,9
26815,300885,9
26815,301908,9
26903,191879,9
26903,199342,9
26903,467636,9
26903,543182,9
26903,584701,9
26903,675688,9
26903,690718,9
26903,829942,9
26903,830508,9
26903,909967,9
26903,911688,9
26903,912342,9
26903,944137,9
27084,220503,9
27084,570179,9
27084,643534,9
27084,650847,9
27260,1142971,9
27448,1194104,9
27574,52802,9
27853,233624,9
27853,1190808,9
28183,756699,9
28230,302927,9
28230,394330,9
28230,618510,9
28230,780455,9
28230,841785,9
28230,909967,9
28230,912342,9
28230,946849,9
28230,962896,9
28350,317646,9
28899,1427248,9
29125,334445,9
29227,341297,9
29769,523374,9
29983,347532,9
29983,1328611,9
30126,125466,9
30126,892910,9
30204,743243,9
30616,1456244,9
30782,1045041,9
30956,836812,9
30956,861937,9
30956,920283,9
30956,924985,9
30956,1098793,9
30956,1139378,9
30956,1143178,9
31540,1232177,9
31646,572397,9
31761,659200,9
31825,1477184,9
32764,1421225,9
32764,1429278,9
32764,1430143,9
32764,1436816,9
32764,1456675,9
32764,1474169,9
33332,744791,9
33332,1021113,9
33541,299750,9
33541,467150,9
33541,657376,9
33541,843309,9
33541,861549,9
33541,864589,9
33541,905277,9
34019,549677,9
34049,535928,9
34161,95787,9
34764,844355,9
34764,959825,9
35109,289848,9
35245,913294,9
35375,829942,9
35571,84482,9
35583,1913360,9
36299,1043461,9
36523,107957,9
36879,765035,9
37270,578702,9
37927,110499,9
38018,306621,9
38018,673464,9
38018,1278481,9
38018,1395172,9
38018,1854099,9
38428,272078,9
38428,323296,9
38428,757249,9
38428,913192,9
38428,945808,9
38428,1070081,9
38428,1086163,9
38428,1100481,9
39013,101486,9
39220,937047,9
39220,1173077,9
39946,96538,9
39946,1430143,9
39946,1452622,9
39946,1488637,9
39969,1464176,9
40337,131200,9
40394,217262,9
40394,557901,9
40394,933561,9
40394,1079876,9
40394,1127470,9
40394,1179604,9
40679,1121800,9
40833,136815,9
40833,584607,9
40833,705417,9
40833,715410,9
40833,758289,9
40964,367992,9
41962,1334965,9
42275,378975,9
42838,196690,9
42838,959601,9
44328,921967,9
44328,997551,9
44328,1312625,9
44843,192501,9
44843,225810,9
45076,309185,9
45076,343189,9
45076,1271970,9
45076,1457476,9
45114,813319,9
45334,867489,9
45805,845396,9
45863,823119,9
45863,824688,9
45863,861310,9
46069,911056,9
46371,333426,9
46801,165362,9
46801,337621,9
46801,356236,9
46801,361000,9
46801,613520,9
46801,621097,9
47627,908134,9
47938,73966,9
48322,181714,9
48322,355644,9
48322,493153,9
48322,613094,9
48322,701725,9
48464,196774,9
48464,205558,9
48464,323634,9
48464,388095,9
48464,557202,9
48464,601249,9
48464,603978,9
48464,605736,9
48464,608136,9
48852,559600,9
49773,300139,9
49847,1051128,9
49876,941212,9
49876,1825885,9
50392,349439,9
50823,1324729,9
50845,1454180,9
51517,867489,9
51517,945321,9
51517,1203342,9
51517,1231462,9
51517,1426417,9
51517,1833001,9
52132,788558,9
52132,1695339,9
52164,366256,9
52498,704127,9
52498,718106,9
52523,140185,9
52523,904893,9
53149,1029398,9
53259,762424,9
53581,730612,9
54334,295247,9
54334,459364,9
54515,403370,9
54515,581572,9
54515,642902,9
54826,561216,9
54826,1334965,9
55324,141775,9
55324,160841,9
55573,108989,9
55816,896577,9
55816,929002,9
56219,1272941,9
56219,1275716,9
56219,1293106,9
56219,1306237,9
56476,690412,9
56476,1441431,9
57171,983482,9
57246,203942,9
57246,635681,9
57845,299750,9
58451,1012229,9
58466,447408,9
58466,496743,9
58466,686532,9
58466,765880,9
58466,769148,9
58466,775781,9
58466,779685,9
58466,794993,9
58576,1541730,9
58576,1645839,9
58960,341297,9
58960,612995,9
58960,623803,9
58960,663494,9
59069,441266,9
59069,1174818,9
59565,1535735,9
59630,1423304,9
59645,69878,9
59734,635075,9
60294,868042,9
60294,1659056,9
60707,697964,9
60717,300139,9
60717,1275845,9
61524,293422,9
61524,698319,9
61720,196440,9
61839,578685,9
61967,606711,9
62201,316319,9
62856,848042,9
62856,1269542,9
63074,99856,9
64085,542692,9
64099,191582,9
64821,1181314,9
64821,1683041,9
64831,1543584,9
65076,79748,9
65076,1584399,9
65596,210719,9
66227,919979,9
66227,946494,9
66227,975960,9
66227,999405,9
66227,1182520,9
66348,1000064,9
66348,1462858,9
66703,499334,9
66703,1817234,9
66929,975960,9
67768,224486,9
67768,301073,9
67768,541174,9
67768,752241,9
67768,944383,9
67768,961672,9
67768,962438,9
67768,1014164,9
68079,503687,9
68483,1445719,9
68608,178177,9
68608,199342,9
68608,467150,9
68608,494845,9
68608,829942,9
68608,864589,9
68608,905246,9
68608,905277,9
68608,914525,9
68608,916602,9
68659,842826,9
68659,868560,9
68659,878416,9
68659,913241,9
68659,1017573,9
68681,1214060,9
69327,191277,9
69327,690771,9
69571,677887,9
69571,696870,9
70290,962896,9
70321,879998,9
70321,888484,9
70321,907914,9
70321,932795,9
70321,936972,9
70321,964404,9
70321,980665,9
70321,1070717,9
70321,1084456,9
70453,402811,9
70453,485843,9
71676,625832,9
71676,630095,9
71676,639327,9
71676,649386,9
72281,113922,9
72562,348067,9
72793,387384,9
72793,401162,9
72793,955913,9
72793,1672190,9
72793,1710778,9
72793,1839104,9
73517,1468635,9
73865,767660,9
74031,497426,9
74031,1817261,9
74268,165362,9
74268,220552,9
74268,337621,9
74268,356236,9
74268,480419,9
74268,586571,9
74268,609125,9
74268,611579,9
74268,612517,9
74268,614596,9
74268,619068,9
74268,621097,9
74268,628240,9
74641,1408648,9
74964,1647721,9
75393,696424,9
75860,639540,9
75860,894071,9
75860,962896,9
76097,1483697,9
76125,332584,9
76125,1324458,9
76451,1181513,9
76516,953280,9
77072,921967,9
77072,1315382,9
77198,911872,9
77413,609297,9
79260,507394,9
79260,1142971,9
79260,1148024,9
79260,1422677,9
79260,1508623,9
79379,932588,9
79379,1430143,9
79379,1464511,9
79539,285557,9
79655,729082,9
79655,1824716,9
79748,179892,9
79748,702747,9
79748,875844,9
79748,890072,9
79748,1306369,9
79748,1308223,9
79748,1459166,9
79940,538530,9
80067,192447,9
80067,427391,9
80439,391765,9
80439,913920,9
81058,1457005,9
81108,468369,9
81247,645072,9
81344,398680,9
81362,306771,9
81362,319447,9
81362,430450,9
81362,457712,9
81362,574904,9
81362,683207,9
81362,697964,9
81362,742572,9
81362,752166,9
81796,1449438,9
82119,903795,9
82190,627189,9
82190,837992,9
82201,482853,9
82292,84988,9
82365,1161602,9
82615,310546,9
82987,396192,9
83365,355221,9
83365,398518,9
83491,200772,9
83491,903865,9
83491,1160788,9
83491,1450936,9
83491,1849767,9
83988,1250899,9
84678,922946,9
85034,599612,9
86044,1507454,9
86044,1801972,9
86914,1129308,9
86928,1455895,9
87749,1095960,9
87749,1440288,9
88207,815591,9
88757,192607,9
90055,1181513,9
90848,107957,9
90848,182562,9
90848,439766,9
90848,456901,9
90848,471403,9
90848,661293,9
90848,757380,9
90848,1422186,9
90848,1432755,9
92456,433433,9
93876,309185,9
94264,1830367,9
94346,1455328,9
94689,299750,9
95460,1142563,9
95625,300139,9
95625,477558,9
95625,1055813,9
95625,1274671,9
96538,367781,9
96538,1421225,9
96538,1488637,9
96687,278603,9
97187,408188,9
97665,1635440,9
99835,133291,9
99856,213810,9
99856,1460032,9
99856,1804667,9
99856,1805881,9
99856,1817909,9
99856,1827782,9
99856,1840209,9
100014,833818,9
100014,1106121,9
100777,1161030,9
101311,466115,9
101485,1167051,9
102430,214363,9
102430,1452134,9
102659,587648,9
102659,1443670,9
102659,1450931,9
102659,1452117,9
102659,1457005,9
102659,1487130,9
102762,133518,9
102762,439551,9
104140,496743,9
104140,747734,9
104140,794993,9
104912,628240,9
105005,327467,9
105920,209757,9
105920,451807,9
106096,1447649,9
106284,1040753,9
106284,1070081,9
107509,1158338,9
107957,531110,9
107957,757380,9
107957,1007491,9
107957,1036279,9
107971,921861,9
109495,950992,9
109495,1483948,9
109772,528035,9
109772,839408,9
110840,357090,9
110840,537677,9
110840,925485,9
110840,1212402,9
110840,1465660,9
111039,1427811,9
111266,869356,9
111266,1131584,9
111654,676617,9
111654,816998,9
112537,1445719,9
112816,1111621,9
113286,451949,9
113492,134525,9
113492,235370,9
113492,297327,9
113492,662023,9
113492,662511,9
113492,1607419,9
113492,1656355,9
113492,1845170,9
113492,1845824,9
113535,196690,9
113982,868042,9
115490,1051128,9
115491,1384768,9
116073,397527,9
119819,997551,9
122174,585463,9
122447,196440,9
122447,224702,9
122447,556965,9
122447,631764,9
122447,699976,9
122447,1805881,9
122447,1840209,9
122447,1840758,9
123355,641736,9
123708,628834,9
123708,787111,9
123708,1447211,9
123708,1454720,9
123708,1483697,9
123900,182927,9
125466,889855,9
125466,892910,9
125466,1474938,9
125976,711415,9
126327,643308,9
126921,917081,9
127877,657203,9
127975,1835598,9
129596,1106080,9
130215,1113016,9
130360,223002,9
130360,453623,9
130360,458875,9
130380,1421999,9
131341,653288,9
131341,677259,9
132400,1129308,9
132678,1430619,9
132678,1448162,9
134525,235370,9
134525,1490114,9
134525,1542689,9
134640,584607,9
134640,715410,9
134671,1256568,9
135360,938461,9
135360,1097910,9
135360,1101420,9
135360,1125665,9
136200,1179196,9
136200,1325306,9
136200,1378383,9
136200,1673537,9
136200,1675701,9
136200,1690745,9
136815,228947,9
136815,619103,9
136930,559600,9
137282,717156,9
137810,218319,9
137810,681331,9
137810,1675045,9
138530,1423309,9
138530,1428327,9
139780,608054,9
139780,610877,9
140107,979239,9
140107,1382990,9
140185,943443,9
140185,1324729,9
140185,1329445,9
140185,1348852,9
140185,1360923,9
140185,1672161,9
141183,558942,9
141775,160841,9
142088,395034,9
142358,461666,9
145400,1181329,9
146684,200772,9
146684,365045,9
146684,951403,9
146684,1115726,9
146684,1160788,9
146684,1807138,9
147524,237679,9
148447,456746,9
149654,729676,9
149654,797763,9
149654,839875,9
149898,572397,9
151789,317459,9
152538,433433,9
152538,581777,9
152538,582935,9
152538,598677,9
152538,601249,9
152538,607350,9
152538,610883,9
152538,631097,9
154192,1169416,9
154192,1830367,9
154192,1871468,9
154678,522052,9
156981,335710,9
158055,999405,9
158055,1098793,9
158055,1143178,9
158449,591375,9
158967,280064,9
159552,1460396,9
161027,471499,9
161027,694411,9
161027,1438159,9
163613,317553,9
163613,1485305,9
163613,1855983,9
165160,229808,9
165362,356236,9
165362,571724,9
165362,609125,9
165362,615223,9
165448,496160,9
165973,346722,9
166025,722695,9
166025,1351719,9
166112,302347,9
166361,295981,9
166603,284581,9
168162,545654,9
168594,1462973,9
168741,935233,9
169570,295981,9
169570,372956,9
170201,237650,9
170201,485933,9
170201,748007,9
170201,1232177,9
170201,1328894,9
170201,1436748,9
170316,324365,9
171363,665463,9
171663,387378,9
171812,456743,9
171812,744694,9
171812,794018,9
171812,837016,9
171812,838248,9
171812,900050,9
171812,928163,9
171991,814128,9
172650,184348,9
172781,439766,9
173423,459006,9
173423,1087131,9
173801,792325,9
173801,1644912,9
173801,1711952,9
174325,180434,9
175381,505949,9
175523,630347,9
175523,639327,9
175989,223345,9
176352,288914,9
176365,1333707,9
176365,1854051,9
176420,1435029,9
176631,178752,9
176717,579981,9
177058,1464864,9
177579,402799,9
177690,309169,9
177918,178381,9
177918,452624,9
178177,467150,9
178177,469432,9
178177,744736,9
178177,861549,9
178324,206764,9
178373,439319,9
178381,178718,9
178381,198240,9
178381,452624,9
178505,638797,9
178505,1360445,9
178505,1371001,9
178505,1394079,9
178875,681567,9
179578,362398,9
179892,1070218,9
179892,1455895,9
179918,775464,9
181040,191619,9
181040,398874,9
181040,837016,9
181040,1012229,9
181714,613094,9
181714,1055813,9
182608,367969,9
182608,913021,9
182658,1179162,9
182927,295499,9
182927,557202,9
182927,889454,9
182927,1132548,9
182927,1328969,9
182927,1421673,9
182927,1443653,9
182927,1454380,9
182927,1458295,9
182927,1498498,9
183284,341365,9
183832,1128032,9
183860,425348,9
183882,341583,9
184486,347066,9
184688,1408062,9
184783,997551,9
184783,1306759,9
184863,678104,9
184904,459101,9
184904,459436,9
184904,487497,9
184908,190399,9
186380,406851,9
186380,419734,9
186380,435223,9
186380,435916,9
186465,361905,9
186465,471774,9
186465,492496,9
186465,495898,9
186465,529021,9
186465,539990,9
187639,707651,9
187711,1815640,9
188314,299494,9
188396,209336,9
188396,633287,9
188396,749923,9
188396,994336,9
188396,1000064,9
188396,1459596,9
188396,1749546,9
189073,319800,9
189280,657835,9
189929,331196,9
189929,475738,9
189929,845363,9
189929,1449289,9
189929,1877532,9
190179,297327,9
190179,520800,9
190179,711680,9
190179,792930,9
190787,209957,9
190787,231473,9
190862,191979,9
190862,479546,9
190962,223930,9
190962,473511,9
190992,206045,9
190992,230288,9
190992,321963,9
190992,323520,9
190992,342260,9
191277,437785,9
191286,194413,9
191286,999405,9
191394,222828,9
191630,204383,9
191632,646514,9
191632,1458311,9
191632,1458324,9
191879,292521,9
191879,302927,9
191879,911685,9
191879,917413,9
191894,450173,9
191976,224479,9
191979,192284,9
191979,192501,9
191979,477948,9
192284,194439,9
192284,466361,9
192500,522052,9
192572,697206,9
192572,896652,9
192572,1179196,9
192572,1250310,9
192572,1455895,9
192572,1638912,9
192572,1665411,9
192572,1690745,9
192607,1183866,9
192607,1318135,9
194013,216433,9
194013,433433,9
194013,451438,9
194013,577245,9
194013,581777,9
194013,588776,9
194013,608136,9
194013,616253,9
194439,460974,9
195044,999143,9
195044,1265133,9
195149,466361,9
195172,610177,9
195394,234032,9
195394,363754,9
195559,1086731,9
196032,427024,9
196231,232488,9
196311,406504,9
196333,459006,9
196440,224702,9
196440,411256,9
196440,470668,9
196440,631764,9
196440,758756,9
196440,891634,9
196440,1279751,9
196440,1324104,9
196440,1414665,9
196440,1826429,9
196690,398680,9
196774,581777,9
196774,582935,9
196774,601249,9
197319,302927,9
197319,841785,9
197319,962896,9
197432,1179033,9
198060,461432,9
198091,961036,9
198666,1699266,9
198785,927352,9
199342,735472,9
199342,841785,9
199342,912342,9
199342,917413,9
199436,942292,9
199436,964404,9
199436,980668,9
199436,1061099,9
199436,1069562,9
199683,202430,9
199784,489770,9
199954,529021,9
200772,447013,9
200772,951403,9
200772,990154,9
200772,1142708,9
200772,1391010,9
200772,1449356,9
200772,1807138,9
200772,1824218,9
200772,1827303,9
201190,1434771,9
201190,1457005,9
201497,961499,9
202258,333647,9
202258,354841,9
202258,419050,9
202258,523759,9
202258,533336,9
202258,536058,9
202258,540075,9
202258,541083,9
202260,1647101,9
202607,356431,9
202895,353712,9
203919,404238,9
203942,280812,9
204042,812392,9
204052,909967,9
204897,1403930,9
205034,361905,9
205034,470947,9
205034,522052,9
205469,234799,9
205558,580033,9
205558,594679,9
205558,601249,9
205558,625374,9
205558,633827,9
206749,698152,9
206749,747734,9
206749,757533,9
206749,774302,9
207275,368172,9
207275,382735,9
207330,353035,9
207334,419734,9
207767,905652,9
208168,222144,9
208168,474523,9
208168,905596,9
208847,454966,9
210337,323365,9
210337,964381,9
210711,999405,9
210711,1179555,9
211077,474452,9
211181,788523,9
212433,1679465,9
212566,561247,9
212566,1424326,9
212566,1425546,9
212566,1427768,9
212566,1435029,9
212566,1438139,9
212566,1439141,9
212566,1446971,9
213036,223415,9
213036,496204,9
213036,994207,9
213036,1692770,9
213036,1722243,9
213357,1443862,9
213766,223462,9
213766,332935,9
213766,469356,9
213766,491741,9
213766,505949,9
213766,694230,9
213766,892124,9
213766,1162693,9
213766,1173391,9
213766,1247067,9
213810,892910,9
214242,1500731,9
214363,850272,9
214363,974183,9
214363,1450834,9
214363,1452134,9
214363,1454720,9
215124,411633,9
215423,1261279,9
215423,1561402,9
215506,325737,9
215797,349575,9
215797,512377,9
216250,908416,9
216433,290331,9
216433,407049,9
216433,554921,9
216433,588776,9
216433,600399,9
216527,322215,9
216527,505949,9
216730,633287,9
216730,1834903,9
216730,1858408,9
217148,281892,9
217262,592242,9
217262,847374,9
217262,1079876,9
217262,1127470,9
217262,1187526,9
217262,1191783,9
218154,991830,9
218294,332935,9
218294,718869,9
218294,1247067,9
218294,1291004,9
218319,863516,9
218319,1675045,9
218834,898296,9
218942,227533,9
219160,860830,9
219191,762718,9
219218,1354224,9
219486,613270,9
219486,979327,9
219657,555798,9
219857,223002,9
219857,455893,9
219857,456483,9
219906,374926,9
220116,301980,9
220200,471602,9
220230,468021,9
220230,493851,9
220230,504938,9
220494,221229,9
220503,308579,9
220503,786069,9
220529,227533,9
220552,603937,9
220552,611009,9
220552,614596,9
220552,652622,9
220688,707651,9
220688,736548,9
220801,735687,9
220866,983129,9
221229,459021,9
221229,838718,9
221267,328664,9
221267,691981,9
221582,608165,9
221582,610016,9
221582,673684,9
221676,455662,9
221676,1309115,9
221676,1471837,9
221740,229808,9
221740,492496,9
221778,455662,9
222144,1026752,9
222144,1068708,9
222517,431398,9
222644,646385,9
222647,964715,9
222647,1044624,9
222861,1333193,9
222861,1447211,9
223002,458875,9
223328,295247,9
223328,513693,9
223462,223979,9
223462,508689,9
223979,488007,9
224149,425754,9
224149,652534,9
224163,929758,9
224245,452018,9
224245,513693,9
224245,613270,9
224245,1274671,9
224245,1275845,9
224479,466361,9
224479,892753,9
224479,1205511,9
224486,541174,9
224486,962438,9
224702,457994,9
224702,460974,9
224702,466629,9
224702,479650,9
224702,483546,9
224702,556965,9
224702,849556,9
224702,891634,9
224702,1061848,9
224702,1115726,9
224702,1775433,9
224702,1805881,9
224702,1818434,9
224702,1837995,9
224702,1840758,9
224984,535137,9
225338,412560,9
225570,1156814,9
225570,1762811,9
225655,959541,9
225810,457071,9
225922,270189,9
225922,747777,9
225922,971905,9
225922,1101329,9
225922,1438752,9
226723,584607,9
226723,655170,9
226791,394512,9
226791,752241,9
226791,1040753,9
227033,706353,9
227611,521007,9
228476,699420,9
228476,1182647,9
228476,1673072,9
228587,777780,9
228719,987753,9
229083,629059,9
229808,334445,9
229808,459101,9
229808,459436,9
229808,492496,9
230288,321963,9
230663,896652,9
230663,906168,9
230663,932632,9
230663,970916,9
230663,971418,9
230663,976627,9
230837,396068,9
231473,321963,9
231881,512313,9
231881,625958,9
231881,785240,9
231881,809832,9
232488,309575,9
232580,1046935,9
232771,1309115,9
232771,1471837,9
232771,1820515,9
232775,655170,9
232775,679001,9
232775,730015,9
232775,738528,9
232775,740888,9
232775,747640,9
232888,412798,9
233009,1327074,9
233362,914932,9
234032,363754,9
234809,395728,9
234994,313590,9
234994,1080616,9
235370,662023,9
235370,662511,9
235370,1275460,9
235370,1680118,9
235370,1821848,9
235370,1845170,9
235370,1845824,9
236852,323296,9
236852,513587,9
237650,1436748,9
238291,428011,9
238351,622992,9
238612,469733,9
238612,847694,9
239202,1328894,9
239202,1412310,9
239202,1425981,9
239206,532821,9
239215,1483792,9
240674,718106,9
241865,244834,9
242606,909973,9
244834,420190,9
244834,441674,9
244834,1161240,9
244834,1165033,9
244834,1171380,9
245592,1935467,9
245656,1672559,9
246727,1433742,9
248721,479854,9
258296,317553,9
258296,867012,9
258296,922330,9
258296,963543,9
258902,1107858,9
260907,447408,9
260907,729335,9
260907,762182,9
260907,765373,9
260907,765880,9
260907,781807,9
260907,809398,9
261604,496197,9
261604,521007,9
264792,868042,9
265017,1044666,9
265968,528575,9
265968,1205511,9
265968,1264734,9
269805,1204181,9
269805,1315816,9
269805,1886307,9
269805,1984952,9
270189,971905,9
270189,1438752,9
270189,1474169,9
270454,1252037,9
270454,1255862,9
270454,1306759,9
272078,293422,9
272078,298471,9
272078,330874,9
272078,425077,9
272078,1049395,9
272078,1360445,9
272078,1366693,9
272078,1706210,9
276169,608563,9
276169,930688,9
276169,1142708,9
276169,1639767,9
276169,1765947,9
276169,1820515,9
276169,1858567,9
277636,394512,9
277821,334884,9
277821,1841570,9
278037,297327,9
278037,321982,9
278110,308579,9
278110,312962,9
278110,399738,9
278110,855035,9
278110,927907,9
278110,1080616,9
278110,1081262,9
278110,1090895,9
278110,1095265,9
278305,311286,9
278339,388273,9
278339,399738,9
278407,847335,9
278631,315615,9
278955,435551,9
278955,457712,9
278955,959900,9
279190,301220,9
280064,443948,9
280244,281257,9
280244,459364,9
280265,496673,9
280479,795649,9
280598,1320207,9
280618,1985342,9
280628,909002,9
280664,396146,9
281152,317833,9
281152,347158,9
281257,526491,9
281416,316047,9
282003,304286,9
282003,315615,9
282003,393966,9
282003,886528,9
282146,697709,9
282146,701584,9
282275,349653,9
283284,399732,9
283602,444158,9
283765,357595,9
283948,403180,9
283998,621097,9
284329,297378,9
284329,388273,9
284779,1309115,9
284779,1320976,9
284779,1324360,9
284779,1338542,9
284779,1357324,9
284779,1371001,9
284779,1383038,9
284779,1383772,9
284788,371436,9
284906,285671,9
284906,285733,9
284906,311941,9
284906,461504,9
285102,289291,9
285102,289365,9
285102,295453,9
285671,420190,9
285671,483551,9
285674,576005,9
285674,1358105,9
285733,314481,9
285733,319447,9
285733,373279,9
285733,456061,9
285733,1504688,9
285733,1537447,9
285757,349686,9
286177,301427,9
286198,320638,9
286198,322035,9
287073,287387,9
287073,298718,9
287073,329273,9
287387,375767,9
287502,1457418,9
288205,300787,9
288543,327142,9
288543,686532,9
288543,698152,9
288543,747734,9
288543,762182,9
288700,418801,9
288925,319447,9
288925,740912,9
289422,306010,9
289719,349342,9
289955,320973,9
290331,480984,9
290331,547915,9
290896,456600,9
291941,297483,9
291941,1534124,9
292299,634379,9
292401,535751,9
292401,1750748,9
292521,377807,9
292521,483551,9
292521,505738,9
292521,799372,9
292521,830508,9
292521,908134,9
292521,911688,9
292521,917413,9
292859,892032,9
293160,1675900,9
293382,1637608,9
293422,525298,9
293422,560468,9
293422,706648,9
293422,718869,9
293422,1082907,9
293422,1251035,9
293422,1277779,9
293422,1291004,9
293654,390971,9
293764,783244,9
293789,310508,9
293792,1291004,9
293911,418549,9
294015,405598,9
294195,312471,9
294520,384849,9
294520,868386,9
294743,309169,9
294743,312471,9
294812,803482,9
295182,448019,9
295247,309645,9
295247,481297,9
295247,508689,9
295247,910000,9
295247,1242151,9
295247,1259795,9
295247,1264457,9
295301,1431818,9
295301,1457005,9
295499,715549,9
295499,763920,9
295499,1452117,9
295598,505386,9
295598,1281924,9
295847,1324729,9
296460,323390,9
296460,399738,9
296460,464103,9
296460,513693,9
296460,1049395,9
296460,1152326,9
296460,1423967,9
296693,299614,9
296693,313801,9
296693,497233,9
296693,964381,9
296814,302957,9
296814,309185,9
296814,617768,9
296814,649485,9
296814,826270,9
296814,1101329,9
296814,1131679,9
296814,1175258,9
296814,1306996,9
296814,1423860,9
297003,324365,9
297296,322636,9
297327,469350,9
297327,484958,9
297327,520800,9
297327,708124,9
297327,728351,9
297327,751118,9
297327,802073,9
297327,825679,9
297327,826989,9
297327,834582,9
297327,838460,9
297327,846380,9
297355,405880,9
297378,311941,9
297378,323296,9
297378,394512,9
297378,395034,9
297378,1011783,9
297378,1408648,9
297378,1498747,9
298329,401515,9
298329,1084370,9
298329,1095957,9
298329,1098499,9
298329,1104369,9
298471,361730,9
298646,585472,9
298646,608252,9
298914,530154,9
299348,345098,9
299444,299873,9
299614,545324,9
299750,467150,9
299750,639540,9
299750,802704,9
299750,858888,9
299750,861549,9
299750,914525,9
299750,916602,9
299750,1681290,9
299750,1860261,9
299800,312269,9
300139,477558,9
300139,655575,9
300139,757260,9
300139,892116,9
300139,892163,9
300139,1124293,9
300139,1242151,9
300139,1250899,9
300139,1269089,9
300139,1274671,9
300139,1275125,9
300139,1275845,9
300139,1282572,9
300139,1307767,9
300139,1331666,9
300847,304286,9
300847,366256,9
300847,459762,9
300847,513437,9
301024,311094,9
301024,323296,9
301024,323390,9
301024,399738,9
301024,574356,9
301024,689408,9
301024,806653,9
301024,1051128,9
301341,436933,9
301576,1693782,9
301908,333807,9
301908,944383,9
301945,673285,9
301945,695934,9
301980,316917,9
301980,319951,9
301980,633446,9
302387,314091,9
302927,310613,9
302927,344789,9
302927,380716,9
302927,392071,9
302927,541748,9
302927,618510,9
302927,675688,9
302927,788523,9
302927,799372,9
302927,869919,9
302927,908134,9
302927,908378,9
302927,909967,9
302927,911685,9
302927,911688,9
302927,912342,9
302927,912984,9
302927,917413,9
302927,961499,9
302927,964129,9
302927,991072,9
303028,538427,9
304286,412474,9
304286,414823,9
304286,565765,9
304469,397649,9
305440,319363,9
305595,1325168,9
305595,1330447,9
305595,1493188,9
306010,316028,9
306621,475738,9
306621,673464,9
306621,721697,9
306621,845363,9
306621,901258,9
306621,909352,9
306621,966670,9
306621,985165,9
306621,1278481,9
306621,1317389,9
306621,1332623,9
306621,1433882,9
306621,1564023,9
306621,1836875,9
306621,1877532,9
306621,1886086,9
306621,1949747,9
306771,393019,9
306771,457712,9
306771,697964,9
306771,726656,9
306771,777944,9
306920,359037,9
308579,345599,9
308579,352757,9
308579,701725,9
308579,959268,9
308579,1574584,9
308692,674161,9
308692,745906,9
308692,747640,9
308692,759052,9
309185,313801,9
309185,343189,9
309185,690884,9
309185,957588,9
309185,1101329,9
309185,1443862,9
309412,334884,9
309645,357263,9
309645,508689,9
309645,613270,9
309645,862264,9
309645,1242151,9
309645,1259795,9
309645,1264457,9
309676,325737,9
309676,477607,9
310037,338427,9
310234,321382,9
310234,321545,9
310384,1286577,9
310411,721697,9
310411,845363,9
310411,909352,9
310411,1480191,9
310411,1505853,9
310411,1564023,9
310411,1886086,9
310508,390971,9
310508,546871,9
310582,346385,9
310582,469975,9
310613,323292,9
310613,345599,9
310779,396192,9
310779,622397,9
311094,323390,9
311941,394297,9
311941,459558,9
311941,809841,9
311941,1343821,9
312517,513693,9
312962,313210,9
312962,1574584,9
313210,323292,9
313210,1264517,9
313210,1289659,9
313210,1317553,9
313210,1493188,9
313590,323277,9
313590,345716,9
313590,772875,9
313590,855035,9
313590,925964,9
313590,927907,9
313590,977123,9
313590,1042465,9
313590,1056771,9
313590,1078737,9
313590,1085113,9
313590,1095265,9
313590,1103834,9
313590,1659060,9
313595,381870,9
313754,739249,9
313801,521612,9
313801,1434073,9
314481,806653,9
314870,329236,9
315006,325055,9
315016,348357,9
315016,377306,9
315016,573036,9
315270,1489213,9
315405,1445719,9
315466,1142357,9
315615,333167,9
315615,889855,9
315615,1053375,9
315615,1743630,9
315615,1805881,9
315960,702066,9
316028,374480,9
316108,1884379,9
316624,471774,9
316917,329538,9
316917,366256,9
316917,449615,9
316917,639873,9
316925,474568,9
316974,374144,9
317103,426029,9
317553,922330,9
317906,783399,9
317906,1422186,9
317906,1436977,9
317906,1444481,9
317906,1469779,9
318460,361633,9
318460,475738,9
318460,770494,9
318460,1086377,9
318460,1690430,9
318460,1836875,9
318460,1854099,9
318460,1877532,9
319447,393019,9
319447,430450,9
319447,457712,9
319447,464829,9
319447,574904,9
319459,1518628,9
319459,1792525,9
319459,1807138,9
319459,1849767,9
319560,343213,9
319607,336424,9
319740,321632,9
319800,325314,9
319885,381870,9
319951,578685,9
319951,626052,9
319951,655517,9
320027,322215,9
320027,329538,9
320506,324159,9
320506,344789,9
320506,349686,9
320506,392071,9
320506,543182,9
320506,833830,9
320638,335165,9
320857,322756,9
320866,321632,9
320866,365424,9
321632,365424,9
321646,1683684,9
321963,488491,9
321963,609048,9
321982,513502,9
321982,1766969,9
322215,345599,9
322215,504507,9
322215,505949,9
322215,573345,9
322215,626052,9
322215,644441,9
322215,665135,9
322215,677887,9
322215,687292,9
322215,1150976,9
322611,328270,9
322611,486229,9
322808,1662783,9
323277,373279,9
323296,406234,9
323296,513587,9
323296,535928,9
323296,639540,9
323296,696019,9
323296,812392,9
323296,868145,9
323296,913192,9
323296,922199,9
323296,938689,9
323296,983902,9
323296,991830,9
323296,1011783,9
323296,1046466,9
323296,1055714,9
323296,1056771,9
323296,1084057,9
323296,1086163,9
323296,1095275,9
323296,1100481,9
323296,1261566,9
323296,1427185,9
323296,1950005,9
323365,483551,9
323365,752241,9
323365,916218,9
323365,961672,9
323365,962429,9
323365,962438,9
323365,964802,9
323365,965167,9
323365,965197,9
323365,980665,9
323365,1008494,9
323365,1014164,9
323365,1070081,9
323365,1212402,9
323365,1427185,9
323365,1434455,9
323390,333547,9
323390,384348,9
323390,463713,9
323390,1140852,9
323634,403711,9
323634,442650,9
323634,480419,9
323634,586571,9
323634,604747,9
323634,607350,9
323634,613495,9
323634,614340,9
323634,638382,9
323692,544242,9
324842,482772,9
325104,1423309,9
325104,1464176,9
325104,1570624,9
325104,1690232,9
325266,331856,9
325708,327441,9
325720,527872,9
325720,540498,9
325720,556248,9
325720,567727,9
325720,581405,9
325737,332962,9
326122,394831,9
326361,484958,9
326738,503046,9
327142,1259795,9
327491,521835,9
327491,958690,9
327491,974432,9
327491,1127470,9
327491,1189904,9
327491,1199646,9
327491,1200473,9
327491,1230727,9
327782,346524,9
328664,1374133,9
329538,560468,9
329538,706648,9
330114,553044,9
330330,608410,9
330874,386697,9
330874,395034,9
330874,622397,9
330874,1036789,9
330874,1292169,9
330874,1326575,9
331227,386189,9
331227,892753,9
331227,989431,9
331227,997330,9
331227,1000605,9
331227,1173391,9
331227,1244957,9
331227,1254948,9
331340,955719,9
331586,511294,9
332103,912364,9
332103,1438922,9
332103,1670583,9
332484,380716,9
332484,398663,9
332484,444158,9
332484,465219,9
332484,697964,9
332484,1227377,9
332484,1498747,9
332935,694230,9
332935,999143,9
332935,1097743,9
332935,1162693,9
332935,1173391,9
332935,1205511,9
332935,1254948,9
333167,1070218,9
333167,1214060,9
333547,340497,9
333547,350220,9
333647,400477,9
333647,534292,9
333807,537866,9
333807,573345,9
334114,402713,9
334445,389865,9
334445,399212,9
334445,459101,9
334768,366870,9
334909,473502,9
334909,643544,9
334909,656093,9
334909,674331,9
334909,696870,9
335703,517532,9
335703,892032,9
335703,895605,9
335703,997498,9
335703,999405,9
335703,1143178,9
335703,1180774,9
335907,477558,9
335907,666591,9
336924,354102,9
336924,609297,9
336924,812631,9
336924,864730,9
336924,957695,9
336924,1008607,9
336985,384849,9
336985,618510,9
336985,917413,9
336985,918010,9
336985,945781,9
336985,946849,9
337748,447687,9
337748,1120223,9
339873,380740,9
339934,1868438,9
340725,349575,9
340974,744694,9
340974,769540,9
340974,1272477,9
340974,1485579,9
341235,471403,9
341235,757380,9
341235,1171371,9
341235,1444442,9
341235,1462669,9
341297,623803,9
341365,352511,9
341365,380452,9
341583,1306369,9
341583,1351719,9
341613,1042287,9
341751,382938,9
342218,439156,9
342260,457884,9
342260,496160,9
342260,579981,9
342396,772875,9
342477,405760,9
342542,989720,9
342542,1458338,9
342546,732230,9
342822,620476,9
343155,358937,9
343189,1434073,9
343620,592504,9
344004,361245,9
344447,456556,9
344447,483285,9
344447,614584,9
344789,351312,9
344789,392071,9
344789,497233,9
344789,943189,9
344789,1089365,9
344789,1227377,9
345098,377636,9
345599,372489,9
345599,393019,9
345599,435551,9
345599,717983,9
345599,743696,9
345599,1181314,9
345599,1275845,9
345599,1451954,9
345599,1676687,9
345716,1080616,9
345716,1098499,9
345975,376780,9
346063,401162,9
346207,611009,9
346207,618889,9
346496,508161,9
346696,376499,9
347488,627857,9
347532,1439789,9
347532,1457476,9
348086,348622,9
348136,352324,9
348136,1475164,9
348357,381870,9
348698,1355814,9
349439,908275,9
349575,349758,9
349575,376445,9
349575,407290,9
349575,529021,9
349575,535430,9
349686,456061,9
349686,1070218,9
350149,437816,9
350800,617831,9
351312,783940,9
351312,1281721,9
351312,1473848,9
351551,1259345,9
351838,1279376,9
351838,1308223,9
351838,1312351,9
352327,1130463,9
352511,380452,9
352564,612266,9
352574,461184,9
352727,355215,9
352768,1258291,9
352829,1267663,9
353414,630339,9
353414,1454180,9
353712,397156,9
353979,423778,9
354102,626077,9
354102,813447,9
354102,839810,9
354102,853217,9
354653,557395,9
354653,1214060,9
354653,1272074,9
354699,860830,9
354699,889855,9
354841,438734,9
354841,534292,9
354857,394717,9
355221,374675,9
355221,389753,9
355221,394939,9
355428,358937,9
355644,613094,9
355644,701725,9
355644,718549,9
355644,1008340,9
355644,1254584,9
356236,609125,9
356236,633827,9
356236,638382,9
356236,640680,9
356556,1717506,9
356628,1036789,9
356628,1340650,9
356628,1357324,9
356628,1388595,9
356853,675249,9
356853,717123,9
357263,724779,9
357274,400127,9
357682,920283,9
357682,1132679,9
357682,1141330,9
358039,744791,9
358039,1364460,9
358937,371579,9
359170,974841,9
359170,983617,9
359170,1141330,9
359962,386994,9
361000,594679,9
361000,604747,9
361000,612517,9
361000,625374,9
361000,628786,9
361000,630896,9
361000,633827,9
361245,1834901,9
361633,826468,9
361633,1397072,9
361633,1745972,9
361633,1946910,9
361798,1070218,9
361798,1427243,9
361905,407290,9
361905,467464,9
361905,495898,9
361905,496750,9
361905,512377,9
361905,527570,9
361905,542418,9
362417,989477,9
362459,370244,9
363121,1374133,9
363255,530757,9
363255,1203342,9
363255,1462858,9
363485,2319299,9
363599,462322,9
363754,697709,9
363754,701584,9
363754,1474938,9
363800,479442,9
363800,1163719,9
363800,1395172,9
363800,1886086,9
364639,394566,9
364918,396729,9
365029,1638808,9
365045,849556,9
365045,903865,9
365045,951403,9
365045,1160788,9
365045,1518628,9
365045,1817094,9
365045,1831587,9
365045,1835598,9
365045,1837180,9
365045,1849767,9
365045,1871992,9
365424,378050,9
365609,371579,9
366256,420633,9
366256,677887,9
366870,582531,9
366870,1051460,9
366870,1052710,9
366870,1121800,9
367121,1207617,9
367428,955672,9
367781,1421844,9
367839,418549,9
369072,928163,9
369072,1459518,9
369698,461269,9
371179,399732,9
371726,728351,9
371726,825679,9
372370,959870,9
372370,1675701,9
372372,1251412,9
373279,420633,9
373279,757533,9
373279,793805,9
373279,795875,9
374779,408777,9
374984,444158,9
375203,378602,9
375982,802073,9
376033,997551,9
376062,395004,9
377306,381870,9
379029,1225524,9
379029,1683041,9
381205,535928,9
381205,809841,9
381286,988224,9
381286,1182881,9
381870,399487,9
381870,414767,9
382329,696870,9
382707,1819243,9
384453,899468,9
384698,1050630,9
384849,705305,9
384849,818243,9
384849,839049,9
384849,848728,9
384849,853518,9
384849,868386,9
384849,916687,9
384849,917413,9
384849,917919,9
384849,918010,9
384849,933912,9
384849,946849,9
384849,964712,9
386189,989431,9
386189,997330,9
386189,1058307,9
386189,1205511,9
386189,1258513,9
386277,530993,9
386277,1289659,9
386277,1650172,9
386277,1692166,9
386277,1696261,9
386277,1712423,9
386697,622397,9
386994,394701,9
387384,955913,9
387384,1839104,9
387655,1536901,9
388095,442650,9
388095,537293,9
388095,580033,9
388095,581777,9
388095,582935,9
388095,622773,9
388095,625374,9
388429,644127,9
389753,394717,9
389753,478392,9
390176,538692,9
390308,1098816,9
390308,1293938,9
391357,681483,9
391765,799087,9
391765,835382,9
391765,909791,9
391765,947328,9
391765,1037354,9
392071,521612,9
392071,541828,9
392855,904893,9
392862,685899,9
393008,806703,9
393008,1410037,9
393008,1646836,9
393019,742572,9
393966,473508,9
393966,1276080,9
393966,1277779,9
393966,1429009,9
394297,1227377,9
394330,423778,9
394330,705305,9
394330,754997,9
394330,842853,9
394330,874316,9
394330,909967,9
394330,916292,9
394330,945482,9
394330,961834,9
394330,1047948,9
394512,541174,9
394512,878377,9
394512,962343,9
394512,1029896,9
394512,1040753,9
394717,422945,9
395034,464103,9
395034,535928,9
395034,1199678,9
395728,425348,9
395949,1379735,9
395949,1397893,9
396192,415522,9
396192,431398,9
396192,483551,9
396192,980665,9
397142,450273,9
397468,1318804,9
397468,1325306,9
397468,1325309,9
397468,1328913,9
397468,1331790,9
397468,1352786,9
397468,1357324,9
397468,1383038,9
397876,427348,9
397911,608165,9
398043,1828583,9
398066,398518,9
398484,747734,9
398545,1897114,9
399188,1312462,9
399487,414767,9
399738,677259,9
399738,1144888,9
400209,574064,9
400477,419050,9
400477,459872,9
400477,486850,9
400477,523759,9
400477,531650,9
400477,532571,9
400477,533336,9
400477,534292,9
400477,536058,9
400477,540075,9
400477,542231,9
400477,544036,9
400477,549103,9
400477,558374,9
400713,531241,9
400713,719172,9
400713,728351,9
400713,775621,9
400713,839424,9
400713,862751,9
401162,475728,9
401162,608563,9
401162,797074,9
401162,859382,9
401162,906168,9
401162,987983,9
401162,1170835,9
401162,1257627,9
401162,1336388,9
401162,1427179,9
401162,1462973,9
401162,1489959,9
401162,1575292,9
401162,1607419,9
401162,1804841,9
401162,1822353,9
401162,1835017,9
401162,1839104,9
401162,1841507,9
401162,1858567,9
401192,417912,9
401192,419734,9
401258,1203342,9
401515,523436,9
401515,687935,9
401515,696345,9
401515,795649,9
401515,879983,9
401515,919121,9
401515,924894,9
401515,938461,9
401515,1066527,9
401515,1090198,9
401515,1096313,9
401515,1108104,9
401515,1110458,9
401515,1113016,9
401732,611720,9
402443,425348,9
402811,485843,9
402813,1374133,9
403180,612995,9
403180,739339,9
403180,1306369,9
403180,1308301,9
403180,1336978,9
403180,1360126,9
403370,642902,9
403379,418237,9
403711,614340,9
404054,1309833,9
404277,733763,9
404277,950347,9
404277,970237,9
404277,1434989,9
404277,1459596,9
405007,461914,9
405129,471774,9
405129,495898,9
405129,496750,9
405129,539990,9
406137,2326350,9
406280,425434,9
406851,420788,9
407036,606859,9
407049,547915,9
407049,557202,9
407049,581777,9
407049,588776,9
407049,602428,9
407049,607350,9
407290,470947,9
407290,493659,9
407290,497106,9
407290,522052,9
407795,411358,9
407942,410233,9
408389,439718,9
409279,616084,9
409279,640747,9
410319,960978,9
410472,1242895,9
411256,631764,9
411256,1214060,9
411256,1324104,9
411256,1826429,9
411358,526491,9
411358,536058,9
411423,920283,9
412474,1020663,9
412474,1259795,9
412522,866531,9
412522,889786,9
412739,794933,9
413925,426926,9
414137,537065,9
414137,578949,9
414823,435551,9
414823,824534,9
414823,1334586,9
415025,687292,9
415522,1116114,9
415996,1069588,9
416570,471142,9
417912,435916,9
417912,437191,9
418549,485656,9
418549,606790,9
419050,534292,9
419050,567727,9
419907,1026732,9
420188,940171,9
420190,1160263,9
420190,1164638,9
421515,1543584,9
421883,1169686,9
421883,1175914,9
422758,578685,9
422758,626622,9
423355,1455328,9
423465,1450706,9
423778,554539,9
423778,909967,9
423778,916292,9
425077,483551,9
425077,1100916,9
425077,1108993,9
425754,648468,9
425754,681567,9
425754,736548,9
428454,578100,9
428454,1438139,9
428454,1442007,9
428454,1454180,9
428454,1458239,9
428454,1494400,9
429011,916740,9
429096,879998,9
429133,459436,9
429133,460175,9
429530,655170,9
429530,810380,9
430450,457712,9
430450,574904,9
430450,697964,9
430450,777944,9
430818,1006931,9
430818,1421754,9
431398,448065,9
431398,452530,9
431398,1426136,9
431544,868042,9
431544,1659056,9
432060,437785,9
433288,459436,9
433288,471705,9
433288,492496,9
433436,530945,9
434974,1496736,9
435223,435916,9
435864,581868,9
436025,636499,9
436961,1165815,9
437385,447408,9
437811,770694,9
437811,793308,9
437811,1458278,9
437811,1816456,9
437811,1825885,9
437816,555802,9
437816,562508,9
437816,699201,9
438734,531650,9
438734,549103,9
438734,560691,9
438734,567727,9
438734,581405,9
439156,469364,9
439156,609262,9
439156,611914,9
439156,621097,9
439766,653288,9
439766,759565,9
439766,1430069,9
439766,1436507,9
439766,1436977,9
439766,1469779,9
440626,523759,9
440982,677887,9
441674,1169075,9
442178,911056,9
442178,944860,9
442601,474758,9
442650,625374,9
443382,493179,9
443485,470977,9
444052,1148024,9
444052,1438072,9
444158,742572,9
444838,583636,9
445373,459436,9
445373,479358,9
446163,1295688,9
446163,1327013,9
446163,1496715,9
446163,1827751,9
446345,460088,9
446890,733763,9
447013,608563,9
447013,1391010,9
447013,1449356,9
447013,1518628,9
447013,1639767,9
447013,1832012,9
447408,599612,9
447408,686532,9
447408,686824,9
447408,762182,9
447408,762735,9
447408,765880,9
447408,769148,9
447408,1823501,9
448653,1980612,9
449855,1489310,9
449983,792930,9
450521,1514076,9
451559,679001,9
451559,729715,9
451559,747640,9
451864,1442070,9
451949,454865,9
452018,477558,9
452018,508689,9
452018,862264,9
452018,892163,9
452018,910000,9
452018,979327,9
452018,1016254,9
452018,1250899,9
452018,1275845,9
452018,1282572,9
452095,852618,9
452095,903865,9
452653,1313008,9
452777,906209,9
452777,963945,9
453416,732230,9
453416,762528,9
453416,795875,9
453437,1269542,9
453437,1328424,9
453623,913241,9
453623,945890,9
453623,947317,9
453623,970237,9
454118,575431,9
454375,703844,9
455662,455912,9
455662,462610,9
456061,513437,9
456126,461377,9
456743,744694,9
456743,838248,9
456743,1456013,9
456743,1485579,9
456784,1201702,9
456901,457764,9
456901,1397868,9
456901,1421289,9
456901,1421770,9
456901,1431670,9
456901,1436977,9
456901,1472285,9
457034,459101,9
457034,459436,9
457034,492496,9
457071,479546,9
457398,465323,9
457712,683207,9
457712,742572,9
457764,466670,9
457781,464677,9
457970,462610,9
458230,953151,9
458466,499746,9
458466,772189,9
459131,525340,9
459436,460175,9
459436,461361,9
459436,471705,9
459436,487497,9
459436,492496,9
459436,532692,9
459532,1816149,9
459769,847949,9
459833,470563,9
460175,505699,9
460192,514525,9
460305,842853,9
460305,907922,9
460305,945482,9
460305,946493,9
460305,989099,9
460305,1016942,9
460305,1047948,9
460350,1281924,9
460974,466361,9
460974,466629,9
461336,839863,9
462022,471774,9
462022,560117,9
462431,528177,9
462554,501577,9
462554,585463,9
462554,999405,9
462554,1171380,9
462610,618510,9
462610,629059,9
462610,639540,9
462610,705305,9
462610,773591,9
462610,878586,9
462610,946849,9
462610,962896,9
462819,1329848,9
463324,1214060,9
463324,1421225,9
463324,1752445,9
463685,702834,9
466115,473745,9
466320,600399,9
466361,611009,9
466361,621097,9
466591,484728,9
466591,2162446,9
466777,475439,9
467150,730860,9
467150,853518,9
467150,906393,9
467150,909142,9
467150,909618,9
467150,911110,9
467150,914525,9
467150,914932,9
467150,915328,9
467150,916602,9
467150,917010,9
467237,818542,9
467262,586005,9
467464,535430,9
467636,909935,9
468021,469364,9
469020,717612,9
469082,1886307,9
469350,711680,9
469350,728351,9
469350,790508,9
469350,826785,9
469350,833830,9
469350,836205,9
469350,850526,9
469364,621097,9
469364,630347,9
469364,639327,9
469424,1659056,9
469432,730812,9
469534,944243,9
470668,1414665,9
470668,1827782,9
470947,505699,9
470947,763920,9
470947,907063,9
470947,1452117,9
470947,1487130,9
471068,684191,9
471068,697206,9
471068,726621,9
471068,911126,9
471068,1250310,9
471068,1480313,9
471068,1649236,9
471265,523759,9
471265,542873,9
471403,757380,9
471403,1007491,9
471499,694411,9
471499,1427768,9
471499,1439141,9
471499,1466767,9
471705,492496,9
471774,522052,9
471774,533875,9
471874,486257,9
473502,504507,9
473502,613679,9
473502,626464,9
473502,627857,9
473502,648744,9
473502,667486,9
473502,670138,9
473502,682047,9
473508,710051,9
473508,757260,9
473508,1242151,9
473508,1274671,9
474758,910830,9
475426,485011,9
475463,513756,9
475494,496803,9
475685,494491,9
475690,635923,9
475728,1333146,9
475728,1518628,9
475728,1849767,9
475729,501602,9
475738,770494,9
475738,845363,9
475738,899391,9
475738,901258,9
475738,1221148,9
475738,1332623,9
475738,1395172,9
475738,1397072,9
475738,1444724,9
475738,1591688,9
475738,1877532,9
475738,1946910,9
475738,1949747,9
476616,999143,9
476741,488378,9
477558,1087088,9
477558,1176520,9
477558,1190073,9
477558,1250899,9
477558,1274671,9
477558,1296538,9
477634,585558,9
477948,479546,9
479442,818542,9
479442,908602,9
479442,982790,9
479442,1695130,9
479442,1815816,9
479442,1841285,9
479442,1897883,9
479512,501125,9
479512,523759,9
480419,633827,9
480984,547915,9
480984,557202,9
480984,577245,9
480984,581452,9
480984,588776,9
481297,1833510,9
483551,545324,9
483551,697157,9
483551,764784,9
483551,1069573,9
484816,717921,9
484816,1326192,9
484958,743669,9
485933,748007,9
485933,1232177,9
485933,1328894,9
485933,1367312,9
486229,503307,9
486257,606859,9
486303,639327,9
486653,629445,9
488341,492071,9
488341,504507,9
488341,521007,9
488341,521013,9
488341,553860,9
488341,573345,9
488341,613679,9
488341,626464,9
488341,648744,9
488341,670138,9
488341,682047,9
488341,684813,9
488825,513028,9
488825,553860,9
488858,1080616,9
488999,779685,9
489218,829942,9
489218,916602,9
489655,885406,9
490580,541828,9
490580,1340441,9
490769,505217,9
490769,925964,9
490769,977123,9
490769,1056771,9
490769,1080616,9
490831,508942,9
491688,516583,9
491688,653349,9
491741,694230,9
491741,999143,9
491741,1000605,9
491741,1258899,9
491741,1291004,9
492071,493851,9
492496,496750,9
492958,1493502,9
493241,1438922,9
493659,497106,9
493659,542418,9
493851,523436,9
494140,1329848,9
494845,505870,9
494845,653921,9
494845,657376,9
494845,878359,9
494845,905277,9
494845,914525,9
494845,914932,9
494845,916602,9
494845,917493,9
495898,522052,9
496197,513587,9
496197,538345,9
496204,1070218,9
496204,1722243,9
496374,1161935,9
496374,1378034,9
496441,528925,9
496441,541662,9
496732,910815,9
496743,762182,9
496743,765880,9
496743,766968,9
496743,769148,9
496750,522052,9
497106,503560,9
497889,503046,9
497889,543392,9
497889,575632,9
497889,600399,9
498351,781246,9
499334,1741332,9
499428,561394,9
499746,1710331,9
499903,757249,9
500147,589526,9
501125,523759,9
501125,528177,9
501577,946494,9
503046,540498,9
503046,547915,9
503046,575632,9
503046,588776,9
503164,504308,9
503164,526491,9
503373,865895,9
503848,645895,9
504416,505949,9
504416,578685,9
504507,505949,9
504507,603698,9
504507,643544,9
504507,648744,9
504507,665135,9
504507,667207,9
504507,670138,9
504507,677887,9
504507,682239,9
504507,701117,9
504558,600399,9
504558,1447211,9
504558,1453282,9
504558,1488226,9
504558,1599824,9
504558,1639078,9
504558,1650009,9
504715,1012236,9
505524,622418,9
505524,646778,9
505797,757516,9
505949,642343,9
505949,647324,9
505949,682239,9
505949,696209,9
506640,566467,9
507394,791651,9
507394,1095960,9
507394,1142971,9
507394,1422677,9
508689,613270,9
508689,910000,9
508689,1050631,9
508689,1242151,9
508689,1264457,9
508689,1271346,9
508689,1274671,9
509587,1691162,9
510543,1246718,9
511571,1205511,9
511736,752552,9
512313,625958,9
512313,791543,9
512313,809832,9
512313,831218,9
512377,535430,9
512377,539990,9
512377,1441213,9
512377,1489825,9
512560,534292,9
513028,536531,9
513064,1636156,9
513587,530466,9
513587,538345,9
513587,546133,9
513587,697157,9
513587,757249,9
513587,1056771,9
513693,567187,9
513693,655575,9
513693,718869,9
513693,759145,9
513693,892163,9
513693,979327,9
513693,981168,9
513693,1005411,9
513693,1242151,9
513693,1250899,9
513693,1251035,9
513693,1282572,9
514125,576074,9
517300,809841,9
517532,919848,9
517532,1098793,9
518156,1051460,9
518156,1121800,9
519958,611520,9
520577,1185011,9
520577,1519811,9
520577,1860589,9
520800,774056,9
521007,546133,9
521410,625374,9
521835,958690,9
521835,1199646,9
522052,529021,9
522052,539990,9
523663,1394812,9
523759,526491,9
523759,528177,9
523759,536058,9
523833,725579,9
523833,940717,9
524118,584701,9
525677,540455,9
526491,527570,9
526491,542418,9
527570,542418,9
527872,534292,9
527872,556248,9
527872,565246,9
527872,581405,9
527935,723517,9
528177,536058,9
528254,1844220,9
528494,555326,9
528575,560102,9
528575,631558,9
528575,854888,9
528575,979327,9
528575,1241540,9
528575,1262084,9
528575,1264734,9
528575,1268062,9
528575,1275495,9
528575,1296538,9
529601,540231,9
529753,2071982,9
529765,1263884,9
529798,1365422,9
529883,537656,9
529883,559582,9
530466,706648,9
530466,1244957,9
530466,1250617,9
530757,534156,9
530757,867489,9
530757,945321,9
530757,1000064,9
530757,1041025,9
530757,1203342,9
530757,1832195,9
530861,544036,9
530861,544278,9
530962,1635954,9
531075,570662,9
531110,1142563,9
531241,839424,9
531643,559582,9
531684,812392,9
531684,966164,9
531684,1061983,9
531684,1271970,9
532401,1067272,9
532462,684835,9
532462,756699,9
532571,542418,9
533024,635164,9
533024,703573,9
533024,752086,9
533024,836308,9
533336,536058,9
533692,538647,9
534292,540498,9
534292,567727,9
534350,1157210,9
534655,538345,9
534655,573345,9
535137,545654,9
535137,555326,9
535137,561144,9
535137,563167,9
535137,568901,9
535137,572986,9
535147,554677,9
535324,1487227,9
535928,829942,9
535928,1212402,9
535928,1229508,9
535928,1427185,9
535928,1443884,9
536058,541083,9
536102,584607,9
536102,613388,9
536102,645129,9
536102,681792,9
536102,688016,9
536102,700452,9
536316,721697,9
536316,909352,9
536316,1564023,9
536316,1886086,9
536316,1904198,9
536354,740629,9
536531,553860,9
536531,573345,9
537065,545654,9
537065,550964,9
537065,565407,9
537065,578949,9
537065,583408,9
537530,573345,9
537866,543215,9
537866,573345,9
538345,548443,9
538345,553860,9
538345,559582,9
538646,987656,9
539674,1464864,9
539835,957377,9
539918,728855,9
539918,919035,9
539918,1679376,9
539918,1824761,9
539918,2215006,9
540075,544278,9
540498,549103,9
540498,556248,9
540498,560691,9
540498,581405,9
540567,689102,9
540620,988575,9
540620,1913360,9
540626,576235,9
540801,825344,9
540801,839049,9
540801,848728,9
540801,853518,9
540801,898861,9
540801,906209,9
540801,914187,9
540801,944845,9
540801,945436,9
541083,542231,9
541174,878377,9
541174,962438,9
541257,660758,9
541447,555808,9
541748,1423303,9
541828,867012,9
541828,922330,9
541828,963543,9
541907,542250,9
541985,613712,9
542143,733763,9
542231,544278,9
542573,565896,9
543182,545324,9
543182,584701,9
543182,841785,9
543182,912984,9
543182,1486686,9
543182,1504771,9
543182,1766969,9
543218,1459237,9
543300,953151,9
543300,1325573,9
543300,1675701,9
543300,1678329,9
543787,1430619,9
544036,556248,9
544187,699420,9
545493,1661014,9
546108,917413,9
546108,962896,9
546133,553860,9
546133,573345,9
546777,1741349,9
547646,646514,9
547646,716345,9
547646,1672488,9
547842,942514,9
547915,598677,9
547915,600399,9
547915,616253,9
549024,997551,9
549788,629445,9
549788,1675492,9
549856,592242,9
549931,628120,9
549931,639908,9
549931,649884,9
551188,818542,9
551414,608054,9
551743,638797,9
551743,1324360,9
551743,1338542,9
551743,1395608,9
551743,1423096,9
551743,1457282,9
552252,1430619,9
552252,1497744,9
552252,1499975,9
552520,1657471,9
553001,1054332,9
553001,1242749,9
553860,631764,9
553860,994207,9
553860,1743630,9
553860,1759839,9
554306,555326,9
554306,568901,9
554921,567594,9
554921,581452,9
555326,560411,9
555326,561144,9
555348,560660,9
555348,638137,9
555798,700923,9
555947,581868,9
555947,627857,9
556586,582840,9
556850,617383,9
556965,631764,9
556965,744219,9
556965,891634,9
556965,1143357,9
556965,1414665,9
556965,1759839,9
556965,1805881,9
556965,1817909,9
557202,567594,9
557202,581777,9
557202,582935,9
557202,598677,9
557202,600399,9
557202,616253,9
557202,1457005,9
557202,1487130,9
557395,1703906,9
557452,873819,9
557603,1424487,9
557603,1484092,9
557642,670138,9
557642,729715,9
557642,845225,9
557642,1651145,9
557642,1683684,9
557879,696870,9
557901,585463,9
557901,891580,9
557901,946494,9
557901,1079876,9
557901,1102420,9
557901,1127470,9
557901,1186044,9
558168,1100802,9
558246,792454,9
558801,577528,9
558801,646877,9
559427,715352,9
559582,628240,9
559582,971504,9
559600,647671,9
560102,565407,9
560102,583408,9
560138,610936,9
560138,628240,9
560138,630896,9
560468,718869,9
560468,806703,9
560468,854199,9
560468,1168178,9
560501,1682325,9
561247,654708,9
561247,879769,9
561247,1424326,9
561247,1425546,9
561247,1427768,9
561247,1431837,9
561247,1440205,9
562416,567377,9
563167,1021350,9
564458,1289247,9
565416,612995,9
565416,618968,9
565416,630578,9
565416,673684,9
565765,690308,9
566447,766162,9
566467,934647,9
566467,946586,9
566467,949217,9
566467,1431818,9
566467,1691163,9
566467,1734349,9
566663,1265133,9
566889,624644,9
566953,601620,9
567187,572135,9
567265,606943,9
567428,792325,9
567594,581452,9
567594,588776,9
567594,598677,9
567727,918999,9
567793,1052710,9
568901,1659056,9
569329,839424,9
569690,655170,9
569967,1040753,9
570840,765035,9
571136,745906,9
571136,747640,9
571724,611009,9
571724,625579,9
571724,633324,9
571908,616062,9
572135,1276993,9
572167,585472,9
572167,608252,9
573036,602418,9
573345,677887,9
573714,1033502,9
573906,635923,9
574904,683207,9
574904,742572,9
575005,663057,9
575632,600399,9
576470,617383,9
577245,581777,9
577245,591979,9
577245,602428,9
578685,581868,9
578685,626052,9
578685,653190,9
578685,682239,9
578949,618340,9
578963,1326876,9
579503,746074,9
579849,721205,9
580033,581224,9
580033,581777,9
580033,602428,9
580152,608446,9
580358,904893,9
580401,1088141,9
581224,608136,9
581224,616253,9
581492,600399,9
581614,647915,9
581614,919136,9
581614,1833178,9
581777,600399,9
581777,607350,9
581777,616253,9
581777,622773,9
581868,608410,9
581868,630347,9
581868,658494,9
581868,664308,9
581868,677001,9
582531,861937,9
582531,920283,9
582531,921861,9
582531,983617,9
582531,1051460,9
582531,1052710,9
582531,1143492,9
582531,1147922,9
582652,616900,9
582909,1454180,9
582935,601249,9
582935,608136,9
583408,613663,9
583636,628834,9
584160,729715,9
584160,743932,9
584160,745906,9
584160,747640,9
584160,751874,9
584160,765033,9
584213,598677,9
584607,595603,9
584607,615238,9
584607,661879,9
584607,675858,9
584607,681792,9
584607,694395,9
584607,696870,9
584607,697116,9
584607,697709,9
584607,698549,9
584607,700451,9
584607,700452,9
584607,701584,9
584607,704099,9
584607,715410,9
584607,742735,9
584701,841785,9
584701,853518,9
584701,905246,9
584701,911685,9
584701,912984,9
584701,916602,9
585463,847374,9
585463,892032,9
585463,933561,9
585463,946494,9
585463,1094595,9
585463,1157565,9
585463,1162063,9
585463,1171380,9
585463,1179792,9
585463,1183984,9
585472,609125,9
586571,594679,9
586571,619068,9
587648,594679,9
587648,715549,9
587648,763920,9
587648,1428095,9
587648,1498498,9
587648,1503327,9
587736,897700,9
588776,600399,9
588776,616253,9
588987,722695,9
588987,1272960,9
589526,697347,9
589526,703844,9
590376,602187,9
591979,603978,9
591979,614340,9
592660,957588,9
592660,1422284,9
593474,600659,9
594679,604747,9
594679,613495,9
594679,619068,9
594679,625374,9
594679,638382,9
594679,640680,9
594679,646580,9
595685,618510,9
596098,965197,9
596098,1070081,9
597607,1488637,9
598014,806188,9
598315,1096313,9
598614,660758,9
598614,1179196,9
598614,1325306,9
598614,1455895,9
598614,1464176,9
598626,1250899,9
598677,601249,9
598677,622773,9
598742,854279,9
599612,1166479,9
600399,602428,9
600399,638345,9
600399,935233,9
600399,1485898,9
600399,1491135,9
600399,1498215,9
600399,1508730,9
600399,1534043,9
600399,1650009,9
600659,627339,9
601249,607350,9
601249,608136,9
601249,625374,9
602243,1221287,9
602768,1291004,9
602840,1311628,9
603360,919397,9
603360,980189,9
603698,627857,9
603888,1421546,9
603888,1424168,9
603888,1426706,9
603888,1441627,9
604687,643544,9
604747,625374,9
604956,1469779,9
604956,1683041,9
605370,1716270,9
605935,647992,9
605935,813832,9
605935,911092,9
606170,631097,9
606859,622945,9
607102,864069,9
607117,1136327,9
607248,633827,9
607248,850272,9
607350,625374,9
607382,1565046,9
607808,832244,9
607808,854954,9
608054,610877,9
608054,613663,9
608054,617383,9
608054,623803,9
608054,628654,9
608054,663494,9
608136,614340,9
608136,631097,9
608165,628093,9
608165,632796,9
608165,647384,9
608165,652382,9
608165,663605,9
608165,666591,9
608165,670354,9
608165,1152851,9
608252,625883,9
608252,626435,9
608329,613663,9
608410,625261,9
608410,649386,9
608410,656093,9
608410,674331,9
608410,682772,9
608410,684813,9
608563,797074,9
608563,1257627,9
608563,1391010,9
608563,1639767,9
608563,1824218,9
608563,1832012,9
608563,1849767,9
608651,1395172,9
608651,1591688,9
608651,1690430,9
608651,1904198,9
609125,613520,9
609125,615223,9
609125,625374,9
609125,628240,9
609125,630896,9
609262,611009,9
609297,812631,9
609297,813447,9
609297,825679,9
609297,1008607,9
610016,643911,9
610016,652382,9
610016,682928,9
610046,611009,9
610112,629445,9
610112,629500,9
610172,638797,9
610172,1391045,9
610177,646877,9
610877,615413,9
610999,629445,9
611009,611914,9
611009,625579,9
611009,626289,9
611009,641033,9
611191,649884,9
611497,889515,9
611497,903795,9
611579,904893,9
611579,949217,9
611597,673684,9
611671,630896,9
612256,777944,9
612517,613520,9
612517,630896,9
612517,638382,9
613094,981490,9
613094,1055813,9
613116,623779,9
613116,635842,9
613116,875844,9
613116,1480144,9
613116,1487462,9
613116,1494793,9
613270,892163,9
613270,910000,9
613270,1005411,9
613270,1050631,9
613270,1190073,9
613270,1242151,9
613270,1244957,9
613270,1250899,9
613270,1254948,9
613270,1262084,9
613270,1274447,9
613270,1296538,9
613520,630896,9
613520,638382,9
613679,648744,9
613679,682562,9
613893,718106,9
614596,615223,9
614828,633422,9
615141,778119,9
615223,638382,9
615223,641015,9
615238,728535,9
615238,753032,9
615951,1643760,9
615956,643544,9
616101,647402,9
616134,623803,9
616542,947251,9
616553,965448,9
616907,617988,9
617347,848728,9
617347,853518,9
617347,944845,9
617347,945436,9
617366,663494,9
617383,623803,9
617383,660301,9
617383,663494,9
617383,729082,9
617568,1324299,9
618490,627857,9
618510,629059,9
618510,686888,9
618510,705305,9
618510,773591,9
618510,780455,9
618510,878586,9
618510,894071,9
618510,912984,9
618510,916687,9
618510,945482,9
618706,628654,9
618889,630896,9
618968,630314,9
618968,630578,9
618968,653748,9
618968,655718,9
618968,665331,9
618968,670354,9
618968,942779,9
619493,627380,9
619636,629680,9
619755,646514,9
619909,775921,9
620443,843733,9
621097,621952,9
621097,626289,9
621097,638382,9
621951,697772,9
622397,1131424,9
622397,1144888,9
622511,966164,9
623803,628654,9
623803,646514,9
623803,647363,9
625261,649386,9
625684,920304,9
625684,938454,9
625684,1040988,9
625765,636834,9
625832,639327,9
625832,646877,9
625869,729974,9
625958,791543,9
625958,809832,9
625958,831218,9
626052,650847,9
626052,682239,9
626077,731443,9
626077,813447,9
626077,839810,9
626077,861705,9
626114,1057326,9
626278,683187,9
626397,636975,9
626464,638649,9
626464,648744,9
626464,656093,9
626464,657349,9
626464,684813,9
626464,691343,9
626738,735687,9
626757,756506,9
626757,1521737,9
627189,721205,9
627189,1452485,9
627857,655270,9
627857,682047,9
627857,682772,9
627857,684813,9
628134,818514,9
628134,1069562,9
628240,638382,9
628240,683362,9
628373,650843,9
628834,1450834,9
629059,705305,9
629059,773591,9
629059,777197,9
629059,909972,9
629059,913218,9
629059,916687,9
629059,946849,9
629059,962741,9
629059,989099,9
630047,1121800,9
630061,810380,9
630095,678965,9
630095,682772,9
630339,1161935,9
630339,1438139,9
630347,639327,9
630347,644165,9
630347,646877,9
630347,649386,9
630347,656718,9
630347,661868,9
630347,664308,9
630578,661001,9
630578,673684,9
630896,633827,9
630896,681161,9
630896,997982,9
630896,1346325,9
630974,671437,9
631558,979327,9
631558,1258513,9
631558,1264734,9
631558,1275495,9
631764,1324104,9
631764,1759839,9
631764,1813150,9
631764,1826429,9
631764,1831938,9
632373,1036789,9
632373,1388595,9
632373,1395608,9
632373,1425648,9
632581,681218,9
632796,642677,9
632796,663889,9
632796,673684,9
632796,1307743,9
632987,1040908,9
633161,1273276,9
633287,994336,9
633287,1231462,9
633324,641015,9
633324,1167367,9
633324,1672559,9
633827,638382,9
633827,1455895,9
633827,1459166,9
634612,648744,9
634612,726037,9
635164,677887,9
635164,703573,9
635164,766162,9
635164,769167,9
635164,772912,9
635164,789128,9
635164,799087,9
635164,821735,9
635164,826420,9
635164,905395,9
635444,1161602,9
636887,924635,9
636887,1439280,9
636887,1659056,9
637399,1461944,9
637483,1227219,9
637483,1979074,9
637638,1604334,9
638538,911568,9
638649,644198,9
638649,667486,9
638649,691343,9
638649,696870,9
638797,1328913,9
638797,1340650,9
638797,1357147,9
638797,1357324,9
638797,1371001,9
638797,1383038,9
638797,1459596,9
639327,644165,9
639540,713502,9
639540,1327808,9
639908,649884,9
639945,766625,9
640340,704452,9
640553,773747,9
640553,946781,9
640553,1044524,9
641015,683362,9
641084,649813,9
641736,642354,9
641736,661529,9
641750,913441,9
642258,706857,9
642282,994207,9
642282,1070218,9
642282,1214060,9
642343,650847,9
643213,1161240,9
643279,647405,9
643425,689102,9
643544,684813,9
643911,652534,9
643911,682403,9
644041,663605,9
644127,1041043,9
644413,675858,9
644413,681161,9
644413,682154,9
644413,690927,9
645129,655170,9
645895,1330447,9
646324,890263,9
646324,983129,9
646324,1464176,9
646324,1708155,9
646514,957377,9
646877,893124,9
646877,1443670,9
646877,1457005,9
647298,717316,9
647298,1045041,9
647908,648744,9
647908,667486,9
647908,682562,9
647992,1399703,9
647992,1431049,9
647992,1441097,9
648468,650843,9
648744,670138,9
648744,682047,9
648744,682253,9
648744,682562,9
648744,684813,9
649386,655270,9
649386,682772,9
649485,962071,9
649681,685017,9
649813,661001,9
649813,665331,9
649884,652588,9
649884,695448,9
649884,703844,9
649967,1306369,9
649967,1308223,9
650525,762182,9
650830,1961758,9
650843,672188,9
650843,685017,9
650916,1185823,9
650991,1438139,9
651102,697206,9
651102,1378383,9
651102,1455895,9
652382,662511,9
652382,663889,9
652382,672188,9
652382,673684,9
652382,682403,9
652476,966898,9
652534,663889,9
652534,699933,9
652588,687048,9
653288,677259,9
653288,739249,9
653288,937331,9
653288,997990,9
653288,1112588,9
653288,1560223,9
653288,1706210,9
653921,858888,9
653921,905246,9
654391,793308,9
654708,1438139,9
655170,687748,9
655170,688990,9
655170,690927,9
655170,694395,9
655170,698218,9
655170,699663,9
655170,705417,9
655170,728535,9
655170,729160,9
655170,735984,9
655463,1059293,9
655671,896667,9
655671,1203252,9
655920,1683041,9
655920,1708155,9
656093,665135,9
656093,670138,9
656093,682047,9
656093,682562,9
656093,684813,9
656093,696870,9
656718,661868,9
657349,667486,9
657885,1823501,9
657961,783399,9
657961,932588,9
657961,1421225,9
657961,1423223,9
658582,670138,9
658582,729715,9
658582,845225,9
658582,1131424,9
658582,1651145,9
658597,890250,9
658597,905047,9
658597,953169,9
658597,982128,9
658597,985165,9
658597,1182668,9
658996,2575361,9
659922,995232,9
661001,665331,9
661293,1422186,9
661529,666847,9
661868,682772,9
661879,665463,9
662023,1170835,9
662023,1821848,9
662023,1845824,9
662483,1054778,9
662511,793308,9
662511,1275460,9
662511,1338031,9
662511,1392936,9
662511,1426316,9
662511,1821848,9
662511,1845170,9
662511,1845824,9
663057,1057788,9
663057,1266702,9
663605,673684,9
664308,682772,9
664708,1543147,9
665120,2216300,9
665135,677887,9
665135,707824,9
665331,673684,9
665463,675339,9
665463,675664,9
665463,675858,9
665463,697116,9
665463,698549,9
665463,700451,9
665463,704099,9
665463,742735,9
665753,783399,9
665753,806409,9
665753,1423134,9
665753,1426316,9
665753,1430143,9
665753,1438922,9
665994,836308,9
665994,962354,9
666028,731460,9
666028,1647985,9
666217,997330,9
666591,757260,9
666591,1180813,9
666591,1296538,9
666591,1317553,9
666591,1327355,9
666591,1347571,9
666867,720437,9
667486,681502,9
667486,688291,9
667486,700451,9
667486,701117,9
667626,747734,9
668438,684564,9
670138,682047,9
670138,682562,9
670138,845225,9
670138,867489,9
670138,918999,9
670138,945790,9
670138,1131424,9
670333,1455895,9
670333,1665411,9
670333,1690745,9
670414,902765,9
670898,692328,9
670898,729715,9
670898,751001,9
670898,774026,9
671437,732230,9
671437,778336,9
671437,778965,9
671437,779685,9
671437,806409,9
672032,762072,9
672188,682928,9
672188,994207,9
672188,1070218,9
672188,1214060,9
672188,1741349,9
672983,691343,9
672983,905596,9
673285,686532,9
673285,717123,9
673464,721697,9
673464,782574,9
673464,878612,9
673464,1559731,9
673464,1564023,9
673464,1854099,9
673464,1883230,9
673464,1886086,9
673464,1904198,9
673681,892910,9
674161,679001,9
674161,721677,9
674161,738528,9
674331,684813,9
674331,696870,9
675249,717123,9
675249,743932,9
675249,747640,9
675249,765033,9
675345,701683,9
675688,780455,9
675688,918150,9
675688,962896,9
675688,991072,9
675858,691343,9
675858,700451,9
676002,707406,9
677259,1346325,9
677782,685583,9
677782,696371,9
677887,696870,9
677887,777780,9
677887,836308,9
677887,905969,9
677887,1045044,9
678260,1668212,9
678359,681723,9
678977,779979,9
678977,935233,9
678977,1080616,9
678977,1090198,9
678977,1104369,9
679001,729715,9
679001,738528,9
679001,743932,9
679001,745906,9
679001,747640,9
679001,759052,9
679001,765033,9
679981,1873453,9
680808,743243,9
681161,681502,9
681161,682154,9
681161,688631,9
681161,705417,9
681161,708317,9
681163,938461,9
681331,1675045,9
681502,682154,9
681502,688631,9
681502,698549,9
681723,1877532,9
682047,685845,9
682047,691343,9
682047,692397,9
682074,1503327,9
682154,694395,9
682154,700451,9
682154,704099,9
682154,705417,9
682154,708317,9
682241,908187,9
682241,962896,9
682253,691343,9
682562,684813,9
682562,691343,9
683136,707632,9
683207,697964,9
683207,743932,9
683207,1452096,9
683207,1453282,9
683337,740629,9
683915,1643749,9
683942,825344,9
683942,906209,9
683942,963945,9
684227,710354,9
684244,722648,9
684471,793072,9
684557,699663,9
684835,756699,9
685017,1414665,9
685072,705417,9
685072,708317,9
685145,698779,9
686532,711656,9
686532,717123,9
686532,734416,9
686532,747734,9
686532,762182,9
686532,775781,9
687665,1158989,9
687665,1647996,9
687825,797674,9
687825,812392,9
687825,966164,9
687825,1020434,9
687825,1061983,9
687825,1428047,9
687825,1442070,9
687825,1506269,9
687935,1098499,9
687935,1104369,9
687935,1110458,9
687992,1435785,9
687992,1484102,9
687992,1497646,9
688195,1107858,9
688195,1485305,9
688291,697116,9
688291,698549,9
688291,705417,9
688291,714380,9
688631,691343,9
688631,698549,9
688631,700451,9
688631,704099,9
688631,705417,9
688832,715549,9
688908,1214060,9
688990,690927,9
688990,728535,9
689827,712459,9
689827,859667,9
690377,709837,9
690718,911685,9
690718,912984,9
690884,747777,9
690884,1423303,9
690884,1443031,9
690927,691010,9
690927,705417,9
690927,728535,9
691343,714380,9
693108,726576,9
693108,746372,9
693295,726576,9
693295,746372,9
693422,738572,9
694230,995126,9
694230,995346,9
694230,1097743,9
694230,1162693,9
694230,1173391,9
694230,1247067,9
694395,700923,9
694395,708511,9
694411,1424292,9
694411,1424326,9
694411,1435029,9
694411,1438139,9
695267,707502,9
695267,707651,9
695934,711656,9
695939,1346325,9
696019,1271970,9
696345,1098499,9
696755,711132,9
696870,707824,9
696870,715410,9
697096,1489213,9
697116,706289,9
697157,913192,9
697157,938689,9
697181,1672041,9
697206,728258,9
697206,1179196,9
697206,1325573,9
697206,1675701,9
697206,1694274,9
697725,821261,9
697987,698097,9
698316,729021,9
698549,708317,9
699188,848228,9
699188,1070218,9
699188,1450834,9
699188,1507779,9
699420,1438922,9
699663,700452,9
699667,774903,9
699667,963119,9
699667,1434073,9
699667,1487227,9
699702,911092,9
699702,1391045,9
699702,1472752,9
699819,751127,9
699819,859667,9
699976,1827782,9
700073,751337,9
700207,1146680,9
700400,744694,9
700400,1521737,9
700451,714380,9
700452,700923,9
700709,1306759,9
700824,712837,9
700824,1029398,9
700824,1637765,9
700923,708317,9
700923,728535,9
701279,1266261,9
701714,754192,9
701725,944546,9
701725,1008340,9
701725,1106635,9
701725,1306237,9
702066,722212,9
702066,817499,9
702066,851441,9
702066,907900,9
702066,992161,9
702066,1041762,9
703517,935994,9
703573,777780,9
703752,775621,9
703752,822559,9
703752,839424,9
703820,963588,9
705305,769954,9
705305,868386,9
705305,874316,9
705305,878586,9
705305,916687,9
705305,917919,9
705305,962896,9
705392,818542,9
705392,982790,9
705392,1440460,9
705392,1817627,9
705392,1989119,9
706056,1489959,9
706635,806653,9
706635,930738,9
706648,763416,9
706648,854199,9
706648,997330,9
706648,1242895,9
706648,1246744,9
706648,1247090,9
706648,1253489,9
706648,1268034,9
706660,713379,9
706660,1242895,9
707413,864069,9
707502,763660,9
707651,729019,9
708124,1641920,9
710703,738165,9
711415,1847918,9
711680,792006,9
711680,802073,9
712539,729335,9
712800,726368,9
712809,715549,9
713901,848241,9
713901,1085113,9
715101,1320566,9
715418,1834907,9
715549,730453,9
715549,1328969,9
715549,1446106,9
715549,1480144,9
715549,1494212,9
715549,1514923,9
715958,879998,9
715958,906711,9
715958,936972,9
715958,980665,9
715958,1065177,9
715958,1070717,9
715958,1093748,9
716217,803220,9
717123,761978,9
717123,762182,9
717123,765880,9
717123,809398,9
717345,744694,9
717345,749107,9
717345,769540,9
717345,837016,9
717345,838248,9
717345,900050,9
717345,1459518,9
717345,1512938,9
717392,739149,9
717461,1430262,9
717713,777171,9
718106,782557,9
718869,854888,9
718869,892753,9
718869,961036,9
718869,979327,9
718869,997330,9
718869,1207514,9
718869,1241540,9
718869,1244957,9
718869,1246744,9
718869,1246850,9
718869,1247067,9
718869,1247090,9
718869,1254948,9
718869,1264734,9
718869,1277779,9
718872,764019,9
719172,825949,9
719172,839424,9
719371,911092,9
719728,722212,9
719872,1435029,9
720046,1844128,9
720153,1013271,9
720153,1625277,9
720181,1271974,9
720771,740888,9
720883,728258,9
721279,847694,9
721279,1005430,9
721279,1020729,9
721697,965323,9
721697,1043205,9
721697,1317389,9
721697,1435426,9
721697,1444724,9
721697,1480191,9
721697,1484102,9
721697,1505853,9
721697,1628937,9
721697,1647184,9
721697,1715018,9
721697,1744696,9
721697,1836875,9
721697,1883230,9
721697,1946910,9
721697,1949747,9
721697,1951630,9
722212,851441,9
722646,726576,9
722646,734182,9
722646,746372,9
722646,778119,9
722695,737563,9
722695,1295156,9
722695,1308223,9
725945,1186302,9
725945,1444917,9
726616,1203342,9
726616,1749546,9
726616,1864080,9
726621,911126,9
726621,1243596,9
726621,1658538,9
727020,1014164,9
728351,751118,9
728351,791543,9
728351,792930,9
728351,816466,9
728351,826989,9
728351,831218,9
728351,839424,9
728351,843415,9
728351,850526,9
728351,868403,9
729019,736548,9
729082,930688,9
729082,1002793,9
729082,1245827,9
729082,1816768,9
729082,1820515,9
729082,1839259,9
729335,762528,9
729409,1985394,9
729484,938569,9
729715,729930,9
729715,742572,9
729715,757591,9
729715,759052,9
729930,745906,9
729930,747640,9
729930,752845,9
729930,765033,9
729930,839810,9
730453,763920,9
730453,1328969,9
730453,1457005,9
730860,836205,9
730860,853518,9
730860,861549,9
730860,906393,9
731460,1647985,9
733763,1854051,9
734182,746372,9
734416,745906,9
734416,747640,9
735097,772805,9
735434,751207,9
735472,829942,9
735472,862169,9
735472,917010,9
735512,1107858,9
735512,1338031,9
735512,1739790,9
735512,1827294,9
735512,1847606,9
736135,1183866,9
736548,763942,9
737150,784825,9
737749,746074,9
738525,756506,9
738525,837016,9
738525,1257784,9
738528,742572,9
738528,745906,9
738545,1049395,9
738731,747640,9
739124,1827751,9
739249,761978,9
739338,743941,9
739530,1296758,9
739549,867489,9
740888,792325,9
742572,759052,9
742572,777944,9
743480,935233,9
743650,1872265,9
743941,766253,9
744219,849556,9
744219,1827782,9
744669,905596,9
744694,794018,9
744694,837016,9
744694,838248,9
744694,897700,9
744694,1012229,9
744694,1281721,9
744694,1508440,9
744791,751207,9
744791,756999,9
744791,763416,9
744791,764915,9
745906,751874,9
745906,758417,9
746074,880962,9
746194,846683,9
746202,874557,9
747640,751874,9
747640,758417,9
747734,757533,9
747734,764561,9
747734,765373,9
747734,774302,9
747734,775781,9
747734,779685,9
747734,782608,9
747734,793805,9
747734,795875,9
747777,1423303,9
747777,1443031,9
748487,770237,9
748493,773331,9
749806,1295159,9
749806,1312052,9
749806,1312625,9
749806,1354224,9
749886,749923,9
749923,1459596,9
749923,1834901,9
751001,774026,9
751118,792930,9
751118,831218,9
752086,767243,9
752086,781352,9
752086,789128,9
752086,797674,9
752086,804395,9
752086,804786,9
752086,817368,9
752086,821261,9
752086,821735,9
752241,879998,9
752241,913192,9
752241,1008494,9
752241,1057173,9
752241,1061351,9
752899,1078791,9
753096,769400,9
753096,776297,9
754206,772197,9
754897,826652,9
754897,867489,9
754897,1117747,9
754997,868386,9
755625,1478476,9
756417,863335,9
756506,897700,9
756506,1002876,9
756506,1281721,9
756506,1444860,9
756506,1477163,9
756506,1488243,9
756506,1528375,9
757249,922199,9
757249,938689,9
757249,1040753,9
757249,1086163,9
757260,1175505,9
757260,1176520,9
757260,1274447,9
757380,853486,9
757380,1150459,9
757380,1167082,9
757380,1421605,9
757380,1444442,9
757388,789128,9
757533,782608,9
757533,793805,9
757533,795875,9
757533,816937,9
757852,773331,9
758756,1827782,9
759128,762063,9
759128,783940,9
759128,1101329,9
759466,768654,9
759565,1428850,9
759565,1432755,9
759565,1438922,9
759565,1444481,9
759565,1474544,9
759617,787040,9
760298,782574,9
760812,763920,9
760812,1328969,9
760812,1428095,9
760812,1452117,9
761648,918999,9
761978,768654,9
761978,924331,9
762072,1291004,9
762121,777944,9
762182,765373,9
762182,765880,9
762182,769148,9
762523,858001,9
762528,781807,9
762528,809398,9
762641,841827,9
762735,781897,9
762937,1844664,9
762961,782172,9
763393,1281721,9
763393,1433102,9
763416,764915,9
763416,833459,9
763590,800581,9
763847,846378,9
763920,1428095,9
763920,1434771,9
763920,1454380,9
763920,1498498,9
763920,1514923,9
763936,776297,9
764621,1427655,9
764858,779067,9
764915,779067,9
765035,1637633,9
765276,801210,9
765297,1019823,9
765373,766968,9
765373,769148,9
765705,1132679,9
765880,766968,9
765880,769148,9
765880,778336,9
765880,794993,9
765880,795875,9
766162,772875,9
766162,774393,9
766162,793710,9
766162,794018,9
766162,804786,9
766162,826420,9
766162,843963,9
766162,1593840,9
766162,1662163,9
766340,794850,9
766396,963119,9
766968,769148,9
767218,793805,9
767262,1282693,9
767262,1560993,9
767262,1659575,9
767262,1685794,9
767650,826420,9
767650,1683041,9
767650,1708155,9
767650,1719121,9
767826,779067,9
768654,778336,9
769148,794993,9
769148,816937,9
769167,777780,9
769167,821261,9
769400,829595,9
769540,837016,9
769540,1453354,9
769540,1456013,9
769540,1521737,9
769562,778119,9
769954,868386,9
769954,878586,9
769954,917919,9
769954,962741,9
770494,778675,9
770494,845363,9
770494,1221148,9
770494,1564023,9
770494,1690430,9
770494,1836875,9
770494,1854099,9
770494,1877532,9
770494,1883230,9
770494,1886086,9
770694,867012,9
770694,1476059,9
770694,1494793,9
770694,1856056,9
771592,1152851,9
771778,868042,9
771778,980189,9
772004,797146,9
772189,779685,9
772189,1653473,9
772189,1657428,9
772189,1673341,9
772189,1710331,9
772779,1818372,9
772875,777780,9
772875,824688,9
772875,826420,9
772875,836308,9
772875,1080616,9
772875,1085113,9
772912,792875,9
772912,836308,9
772997,1847918,9
772997,1887279,9
772997,1905480,9
773134,784600,9
773134,801090,9
773591,916687,9
773591,945482,9
773591,946849,9
773591,962896,9
773747,976362,9
774088,816266,9
774302,775781,9
774393,777780,9
774903,812392,9
774903,873890,9
774903,878416,9
774903,991830,9
774903,1061983,9
774903,1239120,9
774903,1427472,9
774903,1448173,9
775621,862751,9
775821,777780,9
775821,826420,9
775934,1838447,9
776297,783768,9
776297,829595,9
777030,1423561,9
777197,912984,9
777197,918150,9
777197,946849,9
777197,989099,9
777583,814338,9
777583,831490,9
777656,850545,9
777656,864730,9
777780,794018,9
777780,795649,9
777780,799087,9
777780,801109,9
777780,804395,9
777780,821735,9
777780,826420,9
778399,791543,9
778399,816937,9
778716,797763,9
779067,788550,9
779067,829595,9
779067,851679,9
779067,1722003,9
779334,795174,9
779668,1842830,9
779685,795875,9
780064,846921,9
780455,793435,9
780455,894071,9
780455,911688,9
780455,912984,9
780455,942789,9
780455,961499,9
780455,962262,9
780455,962896,9
781352,783768,9
781696,866818,9
781696,909088,9
781807,784053,9
781880,782605,9
782517,787299,9
782554,894449,9
782574,789128,9
782574,817368,9
782574,878612,9
782574,1395172,9
782574,1444724,9
782574,1559731,9
782574,1854099,9
782574,1886086,9
782574,1904198,9
782608,793805,9
782608,795875,9
782608,816937,9
783036,1490315,9
783399,1426142,9
783399,1463238,9
783768,788550,9
783768,829595,9
783940,836221,9
783940,1012229,9
784617,788523,9
784859,809014,9
785240,834582,9
785519,902628,9
785549,1683041,9
785549,1719121,9
785681,821573,9
785681,1204641,9
786105,2315524,9
786386,876324,9
786817,1261596,9
786871,825949,9
786871,839424,9
787111,875844,9
787111,1425927,9
787111,1460032,9
787111,1519870,9
787111,1584399,9
787928,1044570,9
788523,1253340,9
789128,791489,9
789128,804395,9
790508,830908,9
790508,833830,9
791287,830508,9
791543,800528,9
791543,802943,9
791543,809832,9
791543,810302,9
791651,1508623,9
792175,1096058,9
792555,1139596,9
792875,795243,9
792875,817164,9
792875,824064,9
792875,843545,9
792875,857554,9
792875,873455,9
792875,905481,9
792930,796027,9
792930,816976,9
792930,825679,9
792930,826989,9
792930,833830,9
792930,838460,9
793308,1319007,9
793308,1426316,9
793308,1485305,9
793308,1824716,9
793308,1825885,9
793710,826420,9
793805,795875,9
793805,816937,9
794993,816937,9
795151,1051460,9
795188,1308303,9
795188,1445227,9
795188,1517603,9
795188,1520877,9
795630,833817,9
795649,1098499,9
795875,816937,9
796446,1054982,9
797074,1142708,9
797074,1257627,9
797074,1462973,9
797074,1518628,9
797074,1639767,9
797074,1832012,9
797074,1849767,9
797674,1020434,9
799087,824688,9
799087,854205,9
800022,843386,9
801109,923212,9
802073,834582,9
802943,816937,9
803220,817164,9
803310,2019996,9
804150,1231462,9
804154,805282,9
804317,866212,9
804317,1167613,9
804786,826420,9
804786,836308,9
805508,808047,9
805709,832244,9
805908,1450697,9
806216,818341,9
806216,909241,9
806300,1487130,9
806409,1423134,9
806409,1426142,9
806409,1438922,9
806409,1465009,9
806409,1488637,9
806653,1848360,9
807209,823984,9
808609,901862,9
808682,871776,9
809832,831218,9
809841,927907,9
812318,911402,9
812392,1020434,9
812392,1061983,9
812392,1383682,9
812392,1427185,9
812631,813447,9
812631,868403,9
812791,818542,9
813008,1098499,9
813447,850545,9
813447,864730,9
813918,932588,9
813918,1426142,9
813918,1488637,9
814128,1000064,9
814514,1261596,9
815809,970237,9
816466,831218,9
816524,1060758,9
817164,817368,9
818243,848728,9
818243,868386,9
818243,916687,9
818243,917919,9
818243,933912,9
818243,945436,9
818243,961834,9
818243,964712,9
818243,991072,9
818341,913102,9
818542,832811,9
818542,849381,9
818542,863533,9
818542,907247,9
818542,991792,9
818542,1399264,9
818542,1440460,9
818542,1449757,9
818542,1488503,9
818542,1989119,9
819806,833817,9
821274,873865,9
821735,824688,9
821735,836308,9
822573,961821,9
823119,824688,9
823213,1520877,9
823333,945741,9
823467,961499,9
823673,857554,9
824064,836221,9
824688,826420,9
824688,835382,9
824688,905969,9
825037,1691162,9
825284,1034635,9
825284,1185011,9
825284,1976840,9
825344,853518,9
825344,913834,9
825344,914187,9
825344,945781,9
825679,826989,9
825679,831218,9
825679,833830,9
825700,963348,9
826270,850955,9
826420,836308,9
826989,831218,9
827582,1290460,9
828092,946365,9
829720,1005450,9
829720,1371749,9
829919,840832,9
829942,862169,9
829942,905277,9
829942,909142,9
829942,914932,9
829942,958727,9
829942,991072,9
830508,841785,9
830508,865950,9
830508,909967,9
830508,911685,9
830508,991072,9
831608,1462858,9
831608,1706246,9
832244,854954,9
832754,843499,9
832754,857486,9
833830,836205,9
833830,841469,9
833830,843309,9
834235,846599,9
835084,1170835,9
835337,860857,9
835382,905969,9
835382,906823,9
835382,912592,9
835693,1458239,9
835791,838529,9
836205,850955,9
836205,857988,9
836205,861549,9
836205,911110,9
836246,1393157,9
836246,1450706,9
836308,905395,9
836308,911056,9
836812,907248,9
836812,919793,9
837016,1424316,9
837016,1453354,9
837016,1456013,9
837016,1485579,9
837424,924331,9
837424,1346325,9
837839,1128770,9
837839,1861244,9
837839,1886086,9
838248,900050,9
838248,1154955,9
838248,1308303,9
838248,1445227,9
838248,1456013,9
838248,1459518,9
838248,1517603,9
838248,1651558,9
838332,1442663,9
838507,1336388,9
838591,1337060,9
838727,1039769,9
839049,853518,9
839049,914187,9
839049,918010,9
839049,933912,9
839049,947433,9
839049,964712,9
839424,862751,9
840127,922199,9
840207,855472,9
840728,891090,9
840728,995388,9
840728,1317389,9
840796,1219509,9
840968,1462845,9
841693,1528972,9
841785,909967,9
841785,912342,9
841812,1659056,9
841834,868551,9
842646,896652,9
842646,1464176,9
842700,843386,9
842700,850350,9
842700,861310,9
842700,868736,9
842700,915683,9
842826,849000,9
842826,863516,9
842826,868560,9
842826,874895,9
842826,878416,9
842826,929002,9
842826,1017573,9
842991,878416,9
843060,846921,9
843386,865304,9
843386,867344,9
843608,1026752,9
843963,1026752,9
843963,1068708,9
843963,1585428,9
843963,1593840,9
843963,1741349,9
844661,1343853,9
845225,1142231,9
845225,1651145,9
845363,899391,9
845363,1086377,9
845363,1201603,9
845363,1221148,9
845363,1322539,9
845363,1355980,9
845363,1384838,9
845363,1591688,9
845363,1877532,9
845363,1949747,9
846488,1360126,9
846599,848315,9
846599,871934,9
846599,906799,9
846599,959337,9
848315,849747,9
848728,868386,9
848728,914187,9
848728,917919,9
848728,944845,9
848728,945781,9
848728,963945,9
848728,1041172,9
849000,855213,9
849000,876572,9
849000,878416,9
849090,857355,9
849090,906350,9
849090,991751,9
849090,1042717,9
849556,931999,9
849556,1871992,9
849747,956770,9
850955,1444330,9
851679,1479865,9
851679,1570624,9
851679,1708155,9
852091,911599,9
852426,1331790,9
853518,898861,9
853518,905246,9
853518,906209,9
853518,906393,9
853518,909142,9
853518,914187,9
853518,914932,9
853518,916602,9
853518,917919,9
853518,918010,9
853518,944845,9
853518,945781,9
853518,962407,9
853518,963945,9
853518,991587,9
853518,1007166,9
853853,874710,9
854140,863516,9
854199,1242895,9
854591,963588,9
854848,1489586,9
854888,979327,9
854888,1005411,9
854888,1205511,9
854888,1258513,9
855028,1167689,9
855035,870337,9
855035,925964,9
855035,927907,9
855035,977123,9
855035,1080616,9
855035,1090895,9
855213,868560,9
857968,1012229,9
857968,1154783,9
859250,876324,9
859382,991800,9
859382,1170835,9
859382,1296758,9
859382,1553383,9
859382,1672190,9
859646,1576061,9
860135,1014164,9
860558,863516,9
860558,906386,9
860654,1473468,9
861010,909967,9
861069,964381,9
861310,867489,9
861310,913920,9
861334,879592,9
861549,906393,9
861549,909618,9
861549,911110,9
861549,914525,9
861549,914932,9
861549,915328,9
861549,917010,9
861641,866531,9
861937,920283,9
862424,1443257,9
863516,867012,9
863516,878416,9
863516,904893,9
863516,913241,9
863516,956585,9
863516,1517270,9
863759,990247,9
863942,928749,9
863942,935797,9
863942,938461,9
863942,1062387,9
863942,1093748,9
863942,1101420,9
864233,894645,9
864464,957691,9
864464,1008607,9
864589,905246,9
864730,906209,9
864730,963945,9
864774,1520413,9
864774,1708155,9
865170,969210,9
865463,1075198,9
866363,1830059,9
867012,908991,9
867012,1000064,9
867012,1306965,9
867012,1816456,9
867012,1855983,9
867019,1000605,9
867489,914673,9
867489,945321,9
867489,991461,9
867489,994336,9
867489,1203342,9
867489,1278994,9
867489,1431818,9
867489,1462858,9
867489,1486575,9
867489,1683684,9
868042,936123,9
868042,956750,9
868042,1096058,9
868042,1575969,9
868042,1640154,9
868145,1086163,9
868248,1427447,9
868248,1439280,9
868248,1494238,9
868386,917413,9
868386,933912,9
868386,962741,9
868386,988426,9
868521,912970,9
868560,945890,9
868565,907226,9
868565,989249,9
868622,878151,9
868736,914673,9
868736,1049551,9
869311,874710,9
870001,938689,9
870225,1284732,9
870337,925964,9
870337,928418,9
870337,987151,9
870337,987633,9
870337,1080616,9
871776,878612,9
871934,956770,9
873544,918999,9
873544,1232460,9
873865,898951,9
873993,1854051,9
874316,878586,9
874316,914278,9
874316,962896,9
874316,988426,9
874316,989099,9
874895,876324,9
874895,931999,9
875383,1246718,9
875696,905246,9
875844,1533640,9
875844,1584399,9
876541,1167051,9
876541,1416310,9
877431,1246395,9
878151,901258,9
878151,909352,9
878359,914932,9
878377,962429,9
878377,1024584,9
878416,915307,9
878416,963119,9
878416,1017573,9
878416,1061983,9
878416,1438752,9
878586,909972,9
878586,914278,9
878586,946849,9
878586,958219,9
878586,962896,9
878586,988426,9
878612,901258,9
878612,969696,9
878612,1440460,9
878612,1444724,9
878612,1557963,9
878612,1695130,9
878612,1817627,9
878612,1841285,9
878612,1978180,9
879769,1424326,9
879769,1427768,9
879769,1440205,9
879998,932795,9
879998,938689,9
879998,980665,9
879998,980668,9
880962,1500193,9
882097,1479865,9
882097,1570624,9
882097,1683041,9
882097,1708155,9
882694,1424547,9
882694,1425546,9
882694,1435029,9
882694,1494400,9
887418,891090,9
887418,1340803,9
887630,901498,9
888026,974535,9
888026,1180111,9
888026,1189904,9
888026,1199646,9
889218,1233300,9
889515,906340,9
889515,906906,9
889515,912364,9
889515,925215,9
889515,934555,9
889515,949960,9
889648,977345,9
889737,1318178,9
889855,892910,9
889855,1743630,9
890072,989249,9
890263,937047,9
890263,953829,9
890263,983129,9
890263,1368575,9
890263,1452968,9
890263,1464176,9
890263,1653875,9
890263,1691129,9
890288,1374438,9
891090,1075256,9
891090,1079321,9
891090,1321777,9
891090,1338031,9
891090,1426316,9
891090,1753488,9
891142,995346,9
891634,1048465,9
891634,1115726,9
891634,1818434,9
891860,963407,9
892032,919979,9
892032,946494,9
892116,1252831,9
892124,999143,9
892124,1000779,9
892124,1258899,9
892163,979327,9
892163,1250899,9
892163,1274671,9
892163,1282572,9
892529,928054,9
892529,1673316,9
892569,974841,9
892705,1045041,9
892910,1395886,9
892910,1414665,9
892910,1553713,9
892910,1759839,9
892910,1805881,9
892910,1854004,9
893124,1450727,9
893124,1450931,9
893340,901103,9
893340,949217,9
893340,963407,9
893340,979233,9
893340,985756,9
894071,906350,9
894071,962896,9
894071,1024584,9
894265,955138,9
894265,1116917,9
894449,1319060,9
895456,1831774,9
895532,983129,9
895605,919979,9
895605,946494,9
895605,997498,9
895605,1098793,9
896032,937047,9
896519,1834620,9
896577,929002,9
896652,925215,9
896652,929298,9
896652,976627,9
896652,1325306,9
896652,1344882,9
896652,1552412,9
896652,1638912,9
896652,1690745,9
896657,952666,9
896667,1203252,9
896939,1149764,9
898490,923045,9
898490,1459237,9
898806,909843,9
898861,914187,9
898861,944845,9
898861,945436,9
898930,1436434,9
898951,946586,9
898985,984128,9
899391,950340,9
899391,965323,9
899391,1086377,9
899391,1395172,9
899391,1497810,9
899391,1505853,9
900050,981758,9
900050,1445227,9
900050,1517603,9
900083,948468,9
900083,950415,9
900945,908991,9
901103,904893,9
901258,903204,9
901258,903855,9
901258,907226,9
901258,911893,9
901258,917776,9
901258,931728,9
901258,945374,9
901258,952797,9
901258,958014,9
901326,914187,9
901636,972239,9
901783,1258513,9
902129,1062851,9
902407,1845170,9
902765,928163,9
902765,1520877,9
902830,1152398,9
902830,1643624,9
903204,989249,9
903548,1096910,9
903725,1322059,9
903795,935628,9
903855,1489291,9
903855,1646453,9
903865,1823501,9
903865,1849767,9
904221,907914,9
904221,912247,9
904221,979355,9
904221,1056858,9
904265,932899,9
904893,979233,9
904893,987535,9
904893,1047273,9
904893,1086017,9
904893,1090168,9
904893,1438139,9
904893,1517270,9
904893,1647081,9
904893,1648025,9
904893,1661496,9
904893,1670259,9
904893,1672161,9
905028,994207,9
905028,1818891,9
905047,1161030,9
905181,937047,9
905181,997551,9
905246,905277,9
905246,909142,9
905246,914932,9
905596,906340,9
905596,913196,9
905629,976127,9
905834,907525,9
905834,1446424,9
905956,944383,9
905969,911056,9
905969,944860,9
906168,976627,9
906209,914187,9
906209,944845,9
906209,1007166,9
906245,914326,9
906321,943144,9
906330,972463,9
906350,942789,9
906350,944383,9
906350,962896,9
906350,991751,9
906350,1024584,9
906376,1506774,9
906711,933777,9
906711,938689,9
906711,1020784,9
906799,956770,9
906823,911056,9
906862,958219,9
906862,979355,9
906862,980129,9
906862,1016942,9
907063,1132548,9
907063,1434771,9
907063,1452117,9
907226,945374,9
907226,948288,9
907248,981826,9
907248,1132679,9
907248,1141330,9
907248,1147603,9
907356,961649,9
907898,1337161,9
907914,912247,9
907914,929366,9
907914,942292,9
907914,979355,9
907914,980129,9
907914,1061099,9
907922,1040753,9
908134,908378,9
908134,911685,9
908187,1047948,9
908378,962896,9
908979,962438,9
909126,912984,9
909126,918150,9
909126,962896,9
909126,991072,9
909142,914525,9
909142,914932,9
909142,916602,9
909142,991072,9
909241,1433839,9
909241,1455328,9
909241,1490781,9
909241,1533640,9
909352,965323,9
909352,1043205,9
909352,1317389,9
909352,1332623,9
909352,1480191,9
909352,1484102,9
909352,1505853,9
909352,1628937,9
909352,1647184,9
909352,1836875,9
909352,1883230,9
909352,1949747,9
909352,1951630,9
909528,914619,9
909967,916292,9
909967,962262,9
910000,1274671,9
910000,1275845,9
910236,930451,9
910366,911056,9
910816,1585428,9
910974,950269,9
910974,989249,9
911056,912592,9
911092,945808,9
911092,1036789,9
911092,1047672,9
911092,1357324,9
911092,1441097,9
911092,1457282,9
911092,1472752,9
911210,1027146,9
911685,911688,9
911685,962896,9
911893,989249,9
912247,958219,9
912247,979355,9
912364,914788,9
912364,925215,9
912364,935628,9
912364,943443,9
912364,952263,9
912364,972849,9
912364,1246982,9
912364,1438139,9
912364,1641895,9
912717,967119,9
912717,1037590,9
912970,944576,9
912984,916292,9
912984,917413,9
912984,918150,9
913150,947251,9
913192,925964,9
913192,1040753,9
913241,929990,9
913462,946512,9
913486,1227735,9
913889,1014164,9
914031,1673341,9
914187,918010,9
914187,933912,9
914187,944845,9
914187,945781,9
914187,991587,9
914187,1007166,9
914278,958219,9
914278,980129,9
914278,989099,9
914278,1016942,9
914317,1432577,9
914326,1039351,9
914525,914932,9
914579,954235,9
914788,946153,9
914874,1096890,9
914932,916602,9
914932,917010,9
915307,945890,9
915632,1258513,9
915834,925964,9
915901,947212,9
915954,937047,9
915954,1479865,9
915954,1653875,9
915954,1691129,9
915954,1708155,9
916387,979355,9
916387,1061582,9
916464,1027436,9
916602,1003223,9
916687,917413,9
916687,946849,9
916687,962407,9
916687,962896,9
917413,917919,9
917413,945436,9
917413,948037,9
917413,961499,9
917413,964712,9
917413,991587,9
917413,1041172,9
917548,972856,9
917919,933912,9
917919,962407,9
917919,962741,9
917919,988426,9
918010,945781,9
918302,919979,9
918302,1098793,9
918302,1162741,9
918735,924331,9
918735,978949,9
918831,945712,9
918999,1716286,9
919268,977606,9
919644,927352,9
919793,921861,9
919793,1132679,9
919793,1143492,9
919793,1147603,9
919808,1767171,9
919808,1864080,9
919848,997498,9
919848,999405,9
919848,1098793,9
919979,975960,9
920116,976959,9
920210,928163,9
920283,921861,9
920283,982207,9
920283,1086418,9
920283,1104972,9
920283,1132679,9
920283,1139378,9
920283,1147720,9
920304,1086418,9
920621,1086549,9
920723,1075141,9
920822,922878,9
920822,1182647,9
921164,1201603,9
921341,981826,9
921341,1147603,9
921377,1305101,9
921413,1640812,9
921861,1143492,9
921967,1279015,9
921967,1306759,9
921967,1311996,9
921967,1312625,9
921967,1318637,9
921967,1321307,9
922199,928749,9
922199,938689,9
922199,944895,9
922199,980665,9
922199,1065177,9
922199,1069562,9
922199,1070717,9
922314,1233300,9
922330,963543,9
922330,1434989,9
922330,1462858,9
922330,1706246,9
922330,1825688,9
922330,1855983,9
922330,1897711,9
922569,994207,9
922569,1070218,9
922569,1432755,9
922569,1464858,9
922569,1755351,9
922621,929990,9
922621,945890,9
922621,956176,9
923045,1338368,9
923455,1450706,9
924331,932551,9
924331,978949,9
924331,1212952,9
924331,1254598,9
924591,1192670,9
924894,924904,9
924904,938461,9
924904,1101420,9
924985,1098793,9
924985,1132679,9
924985,1173794,9
925215,976627,9
925425,1266709,9
925425,1287154,9
925485,991830,9
925485,1161602,9
925485,1212402,9
925485,1427185,9
925964,938689,9
925964,977123,9
925964,1056771,9
925964,1080616,9
925964,1090895,9
926150,1652153,9
926566,999072,9
926654,994207,9
926654,1070218,9
927352,1243243,9
927352,1292307,9
927393,942120,9
927487,1103877,9
927487,1702189,9
927487,1804667,9
927487,1817909,9
927487,1839014,9
927907,939073,9
927907,1000943,9
927907,1057988,9
927907,1090895,9
927907,1098499,9
927907,1125665,9
928143,974841,9
928143,1132679,9
928143,1141330,9
928163,933450,9
928163,1154955,9
928163,1517603,9
928163,1537462,9
928163,1539141,9
928418,935233,9
928418,935797,9
928418,1000943,9
928418,1062387,9
928418,1080616,9
928418,1101420,9
928749,933777,9
928749,936972,9
928749,1062387,9
929061,975180,9
929298,1378383,9
929298,1455895,9
929366,964404,9
929366,979355,9
929366,980129,9
929469,945890,9
929990,947317,9
929990,1017573,9
930688,975797,9
930688,1272246,9
930688,1462973,9
930688,1639767,9
930688,1820515,9
930688,1858567,9
931210,937414,9
931728,948395,9
931999,1827782,9
932278,1141330,9
932551,1338605,9
932588,1421225,9
932588,1465009,9
932588,1507072,9
932795,934700,9
932795,936972,9
932795,980665,9
932795,980668,9
932795,1065177,9
932795,1093748,9
933099,957377,9
933099,1668212,9
933305,949217,9
933450,1138379,9
933561,1171380,9
933581,1423615,9
933777,934700,9
933777,935797,9
933777,936972,9
933777,987151,9
933777,1093748,9
933912,944845,9
934329,940692,9
934582,951646,9
934700,944895,9
935214,1233300,9
935233,1057988,9
935233,1080616,9
935233,1101420,9
935233,1206472,9
935233,1578831,9
935233,1599824,9
935233,1650009,9
935634,1079728,9
935652,947939,9
935652,1018221,9
935797,1062387,9
936972,944895,9
936972,980665,9
936972,980668,9
936972,987151,9
936972,987633,9
937047,940702,9
937047,976539,9
937047,1233300,9
937047,1681511,9
937047,1690232,9
937154,972239,9
938313,1652953,9
938454,999851,9
938454,1066527,9
938454,1086418,9
938454,1096313,9
938454,1097910,9
938454,1098499,9
938454,1104369,9
938461,1057988,9
938461,1094174,9
938461,1097910,9
938569,953169,9
938569,977345,9
938569,1242340,9
938689,1030333,9
938689,1042066,9
938689,1056771,9
938689,1057173,9
938689,1061351,9
938689,1070081,9
938689,1086163,9
938689,1088440,9
939073,1101420,9
939366,1044025,9
939708,1337060,9
940092,1320986,9
940171,949217,9
940171,1231462,9
940171,1647184,9
940171,1672858,9
940171,1683062,9
940529,1127191,9
940717,1346781,9
940847,1096494,9
941207,964404,9
941207,979355,9
941207,1061099,9
941212,1431049,9
941839,983482,9
942292,962438,9
942292,965197,9
942292,979355,9
942292,980129,9
942292,1040753,9
942292,1056858,9
942292,1069562,9
942514,1821848,9
942789,962896,9
942789,962976,9
942817,942915,9
943443,952263,9
943443,1246982,9
943443,1324729,9
943443,1641895,9
943731,1705576,9
944383,961672,9
944383,965197,9
944508,1012229,9
944600,991154,9
944845,945436,9
944845,947433,9
944864,962875,9
944895,980665,9
944895,980668,9
944895,1061099,9
944895,1065177,9
945180,1560993,9
945321,1000064,9
945321,1203342,9
945321,1368466,9
945321,1462858,9
945321,1832195,9
945321,1833001,9
945374,989249,9
945482,962896,9
945644,1374133,9
945741,1049121,9
945790,960832,9
945808,1153584,9
945890,947317,9
946493,962896,9
946494,999405,9
946586,1231462,9
946586,1832195,9
946586,1888124,9
947317,956176,9
947947,970173,9
948197,964381,9
948197,1014164,9
948304,970237,9
948795,949583,9
949193,953784,9
949217,963809,9
949217,967909,9
949217,1043205,9
949217,1317389,9
949217,1426417,9
949217,1435426,9
949217,1647184,9
949217,1877532,9
949217,1883230,9
949217,1949747,9
949762,1141186,9
950269,1708155,9
950653,1484160,9
951351,952916,9
951403,1849767,9
951489,1046935,9
952263,954331,9
952263,1086017,9
952263,1641895,9
952797,971418,9
952833,991154,9
952902,1636395,9
952902,1841225,9
952916,989249,9
953168,1333043,9
953576,1641169,9
953829,1719121,9
953943,1167689,9
954331,1641895,9
954506,984128,9
955138,1002793,9
955913,1839104,9
